Year,Scenario,Country,DomesticDemand_TWh,EuropeanOffshoreSupply_TWh,GrossExport_TWh,GrossImport_TWh,NetExport_TWh,SupplierCarbonContribution_Mt
2030,Integrated model,BE,17.86,0,0,18.1636916907183,-18.1636916907183,0
2030,Integrated model,DK,2.58,30.0257734863445,27.0196948062551,0,27.0196948062551,5.86073957163851
2030,Integrated model,FR,30.92,0,0,31.4456540684885,-31.4456540684885,0
2030,Integrated model,DE,60.97,0,0,61.6640475606559,-61.6640475606559,0
2030,Integrated model,IE,1.36,14.744478077151,12.9813402174267,0,12.9813402174267,3.1613951955701
2030,Integrated model,NL,25.03,64.2289501976447,39.1961648798721,0,39.1961648798721,13.7657193242407
2030,Integrated model,NO,5.23,0,0,5.33740580244879,-5.33740580244879,0
2030,Integrated model,PT,6.11,0,0,6.11,-6.11,0
2030,Integrated model,ES,27.65,0,0,28.2490554543636,-28.2490554543636,0
2030,Integrated model,SE,7.86,0,0,7.86,-7.86,0
2030,Integrated model,GB,24.82,104.452654673121,81.0526546731212,1.42,79.6326546731212,20.681625625278
2030,Integrated model,ITN,NaN,0,0,0,0,0
2030,LCOH-only baseline,BE,17.86,0,0,17.86,-17.86,0
2030,LCOH-only baseline,DK,2.58,46.7119618592413,44.1319618592413,0,44.1319618592413,9.65133646356211
2030,LCOH-only baseline,FR,30.92,0,0,30.92,-30.92,0
2030,LCOH-only baseline,DE,60.97,92.0599346329391,31.0899346329391,0,31.0899346329391,19.0208539438652
2030,LCOH-only baseline,IE,1.36,14.6965105168432,13.3365105168432,0,13.3365105168432,3.03650204771417
2030,LCOH-only baseline,NL,25.03,39.4362171186181,14.4062171186181,0,14.4062171186181,8.14806711413198
2030,LCOH-only baseline,NO,5.23,0,0,5.23,-5.23,0
2030,LCOH-only baseline,PT,6.11,0,0,6.11,-6.11,0
2030,LCOH-only baseline,ES,27.65,0,0,27.65,-27.65,0
2030,LCOH-only baseline,SE,7.86,0,0,7.86,-7.86,0
2030,LCOH-only baseline,GB,24.82,17.4853758723583,0,7.33462412764173,-7.33462412764173,3.61272014745393
2030,LCOH-only baseline,ITN,NaN,0,0,0,0,0
2040,Integrated model,BE,49.94,0,0,50.8021433089352,-50.8021433089352,0
2040,Integrated model,DK,7.35,24.2564858720752,16.6439812413021,0,16.6439812413021,4.75080828577781
2040,Integrated model,FR,87.09,0,0,89.045268642703,-89.045268642703,0
2040,Integrated model,DE,182.55,0,0,185.249542260657,-185.249542260657,0
2040,Integrated model,IE,3.89,87.0931526070581,83.1317538306939,0,83.1317538306939,18.9066952299806
2040,Integrated model,NL,70.08,154.748497836727,91.240868214134,6.6065269908202,84.6343412233138,31.3632039899128
2040,Integrated model,NO,13.21,33.6348546791471,20.1071846105797,0,20.1071846105797,6.59680255289478
2040,Integrated model,PT,17.32,0,0,17.32,-17.32,0
2040,Integrated model,ES,79.74,0,0,79.74,-79.74,0
2040,Integrated model,SE,20.65,0,0,20.65,-20.65,0
2040,Integrated model,GB,73.08,195.161616540512,122.081616540512,0,122.081616540512,41.5719811319544
2040,Integrated model,ITN,NaN,116.208076765895,116.208076765895,0,116.208076765895,26.5842508460149
2040,LCOH-only baseline,BE,49.94,0.261256513468317,0,49.6787434865317,-49.6787434865317,0.0560493228371665
2040,LCOH-only baseline,DK,7.35,51.9021798436015,44.5521798436015,0,44.5521798436015,11.1349646192055
2040,LCOH-only baseline,FR,87.09,38.7610979417979,0,48.3289020582021,-48.3289020582021,8.3157095806774
2040,LCOH-only baseline,DE,182.55,203.580944953092,21.0309449530915,0,21.0309449530915,43.6757497667327
2040,LCOH-only baseline,IE,3.89,39.5046259868201,35.6146259868201,0,35.6146259868201,8.47522423882195
2040,LCOH-only baseline,NL,70.08,216.8991941524,146.8191941524,0,146.8191941524,46.5330138367762
2040,LCOH-only baseline,NO,13.21,0,0,13.21,-13.21,0
2040,LCOH-only baseline,PT,17.32,0,0,17.32,-17.32,0
2040,LCOH-only baseline,ES,79.74,0,0,79.74,-79.74,0
2040,LCOH-only baseline,SE,20.65,0,0,20.65,-20.65,0
2040,LCOH-only baseline,GB,73.08,53.9907006088209,0,19.0892993911791,-19.0892993911791,11.5830306714844
2040,LCOH-only baseline,ITN,NaN,0,0,0,0,0
2050,Integrated model,BE,63.31,0,0,64.4025109793701,-64.4025109793701,0
2050,Integrated model,DK,10.18,130.516968536747,118.468475693265,0,118.468475693265,25.4723981872665
2050,Integrated model,FR,116.28,0,0,118.679240759638,-118.679240759638,0
2050,Integrated model,DE,245.11,0,0,247.226609579815,-247.226609579815,0
2050,Integrated model,IE,5.33,169.753944946969,161.861398104616,0,161.861398104616,33.103896824714
2050,Integrated model,NL,102.42,133.65761264224,31.2376126422398,0,31.2376126422398,29.0862843364115
2050,Integrated model,NO,16.91,69.6705794905415,52.3425423472475,0,52.3425423472475,13.712003384755
2050,Integrated model,PT,23.93,0,0,23.93,-23.93,0
2050,Integrated model,ES,107.58,0,0,107.58,-107.58,0
2050,Integrated model,SE,26.46,0,0,26.46,-26.46,0
2050,Integrated model,GB,100.88,263.021022175418,162.141022175418,0,162.141022175418,56.9267916715193
2050,Integrated model,ITN,NaN,62.227310356036,62.227310356036,0,62.227310356036,17.1985678085514
2050,LCOH-only baseline,BE,63.31,0.435427522447196,0,62.8745724775528,-62.8745724775528,0.0933754139560935
2050,LCOH-only baseline,DK,10.18,181.657629452605,171.477629452605,0,171.477629452605,38.9556366420928
2050,LCOH-only baseline,FR,116.28,38.7610979417979,0,77.5189020582021,-77.5189020582021,8.31213779360256
2050,LCOH-only baseline,DE,245.11,238.500336887259,0,6.6096631127414,-6.6096631127414,51.1452917820927
2050,LCOH-only baseline,IE,5.33,46.0887303179568,40.7587303179568,0,40.7587303179568,9.88351459265386
2050,LCOH-only baseline,NL,102.42,249.762708417915,147.342708417915,0,147.342708417915,53.5604551550737
2050,LCOH-only baseline,NO,16.91,0,0,16.91,-16.91,0
2050,LCOH-only baseline,PT,23.93,0,0,23.93,-23.93,0
2050,LCOH-only baseline,ES,107.58,0,0,107.58,-107.58,0
2050,LCOH-only baseline,SE,26.46,6.72206224816449,0,19.7379377518355,-19.7379377518355,1.44151509195679
2050,LCOH-only baseline,GB,100.88,56.462007211855,0,44.417992788145,-44.417992788145,12.1080157417892
2050,LCOH-only baseline,ITN,NaN,0,0,0,0,0
