Published DateTime,Notes,Auction ID,Auction Lot ID,Buy Sell,Volume Required,Qualified IC,Start Time,End Time,Bid Deadline,Default Price,Clearing Price,Best Price,VWA Price,Cleared Volume,Total Bid Volume,IFA1 Volume,BN Volume,NEMO Volume,IFA2 Volume,EL Volume,VKL Volume,Year,Date
2023-01-01 03:51:21,,2023_01_01-03_06,2023_01_01-03_06-1,Sell,3700,BN/NEMO,2023-01-01T07:00:00,2023-01-01T08:00:00,2023-01-01T03:35:00,8.53,-95.35,-26.61,-56.61,3247.0,4450.0,,1811.0,1436.0,,,,2023,2023-01-01
2023-01-02 21:45:13,,2023_01_02-21_06,2023_01_02-21_06-1,Sell,1200,BN/NEMO/IFA1/IFA2,2023-01-02T23:00:00,2023-01-03T00:00:00,2023-01-02T21:35:00,185.0,84.0,92.75,87.88,1200.0,4398.0,417.0,405.0,180.0,198.0,,,2023,2023-01-02
2023-01-03 17:35:15,,2023_01_03-16_12,2023_01_03-16_12-1,Sell,400,IFA1/IFA2/BN/NEMO,2023-01-03T20:00:00,2023-01-03T21:00:00,2023-01-03T17:15:00,119.67,105.56,108.13,106.86,400.0,4005.0,,298.0,102.0,,,,2023,2023-01-03
2023-01-04 20:32:14,,2023_01_04-19_21,2023_01_04-19_21-1,Sell,1850,IFA1/BN/NEMO/IFA2,2023-01-04T23:00:00,2023-01-05T00:00:00,2023-01-04T20:15:00,82.15,-2.33,37.7,13.51,1850.0,8303.0,,91.0,667.0,1092.0,,,2023,2023-01-04
2023-01-05 14:00:14,,2023_01_05-13_20,2023_01_05-13_20-1,Buy,500,IFA2/NEMO/BN,2023-01-05T16:00:00,2023-01-05T17:00:00,2023-01-05T13:50:00,125.0,165.11,121.02,145.81,500.0,2719.0,,,352.0,148.0,,,2023,2023-01-05
2023-01-06 00:12:02,,2023_01_05-23_25,2023_01_05-23_25-1,Sell,700,BN/NEMO/IFA2/EL,2023-01-06T05:00:00,2023-01-06T06:00:00,2023-01-06T00:00:00,100.0,79.75,83.1,81.12,700.0,3371.0,,161.0,239.0,53.0,247.0,,2023,2023-01-06
2023-01-07 00:24:57,,2023_01_06-23_55,2023_01_06-23_55-1,Sell,500,IFA2/BN/NEMO/EL,2023-01-07T07:00:00,2023-01-07T08:00:00,2023-01-07T00:20:00,90.0,24.06,40.14,32.89,500.0,3851.0,,,6.0,344.0,150.0,,2023,2023-01-07
2023-01-08 09:34:28,,2023_01_08-08_57,2023_01_08-08_57-1,Sell,500,IFA1/IFA2/BN/NEMO,2023-01-08T11:00:00,2023-01-08T12:00:00,2023-01-08T09:25:00,100.0,79.34,82.87,81.78,500.0,5331.0,300.0,,200.0,,,,2023,2023-01-08
2023-01-09 00:57:59,,2023_01_09-00_20,2023_01_09-00_20-1,Sell,500,IFA1/IFA2/BN/NEMO/EL,2023-01-09T05:00:00,2023-01-09T06:00:00,2023-01-09T00:45:00,110.0,42.0,47.62,45.3,500.0,5006.0,200.0,150.0,,150.0,,,2023,2023-01-09
2023-01-10 09:48:23,,2023_01_10-08_56,2023_01_10-08_56-1,Buy,300,NEMO/IFA2/EL,2023-01-10T15:00:00,2023-01-10T16:00:00,2023-01-10T09:30:00,105.0,151.0,133.26,143.16,300.0,1742.0,,,49.0,127.0,124.0,,2023,2023-01-10
2023-01-11 20:10:31,,2023_01_11-19_14,2023_01_11-19_14-1,Sell,1100,BN/IFA1/IFA2/NEMO,2023-01-11T22:00:00,2023-01-11T23:00:00,2023-01-11T20:00:00,100.0,34.0,40.15,36.45,1100.0,6064.0,761.0,52.0,25.0,262.0,,,2023,2023-01-11
2023-01-12 14:17:23,,2023_01_12-13_29,2023_01_12-13_29-1,Sell,1000,IFA1/BN/NEMO/IFA2/EL,2023-01-12T21:00:00,2023-01-12T22:00:00,2023-01-12T14:00:00,90.0,51.61,58.0,53.21,1000.0,9013.0,400.0,,100.0,,500.0,,2023,2023-01-12
2023-01-13 00:58:18,,2023_01_13-00_15,2023_01_13-00_15-1,Sell,4100,IFA1/IFA2/BN/NEMO/EL,2023-01-13T06:00:00,2023-01-13T07:00:00,2023-01-13T00:40:00,100.0,44.91,64.59,53.13,4100.0,9803.0,975.0,1104.0,1169.0,450.0,402.0,,2023,2023-01-13
2023-01-14 14:10:16,,2023_01_14-13_21,2023_01_14-13_21-1,Sell,300,IFA1/IFA2/EL/BN/NEMO,2023-01-14T19:00:00,2023-01-14T20:00:00,2023-01-14T13:55:00,150.0,46.92,55.14,49.65,300.0,4050.0,100.0,200.0,,,,,2023,2023-01-14
2023-01-15 08:47:16,"Due to French electricity system conditions, NGESO is unable to trade on the interconnectors joining GB and France. For more information, see this link to French margin graph: https://www.services-rte.com/en/view-data-published-by-rte/balancing-capacities.html#:~:text=RTE%20proposes%20on%20this%20web,best%20hypothesis%20at%20our%20disposal",2023_01_15-08_13,2023_01_15-08_13-1,Sell,500,IFA1/IFA2/BN/NEMO,2023-01-15T11:00:00,2023-01-15T12:00:00,2023-01-15T08:40:00,150.0,17.18,19.53,17.95,500.0,5322.0,400.0,100.0,,,,,2023,2023-01-15
2023-01-16 21:49:45,,2023_01_16-20_47,2023_01_16-20_47-1,Buy,1000,IFA1/IFA2/BN/NEMO/EL,2023-01-17T07:00:00,2023-01-17T08:00:00,2023-01-16T21:20:00,160.0,249.83,205.0,236.47,1000.0,6943.0,179.0,175.0,147.0,301.0,198.0,,2023,2023-01-16
2023-01-17 15:44:30,,2023_01_17-14_55,2023_01_17-14_55-1,Buy,320,IFA1/IFA2/NEMO/EL,2023-01-17T19:00:00,2023-01-17T20:00:00,2023-01-17T15:30:00,140.0,180.12,176.69,178.42,320.0,5560.0,220.0,,,,100.0,,2023,2023-01-17
2023-01-18 00:08:34,,2023_01_17-23_07,2023_01_17-23_07-1,Buy,600,IFA1/BN/NEMO/EL,2023-01-18T07:00:00,2023-01-18T08:00:00,2023-01-17T23:35:00,135.0,188.21,179.86,182.98,600.0,5447.0,,600.0,,,,,2023,2023-01-18
2023-01-19 10:51:25,,2023_01_19-09_52,2023_01_19-09_52-1,Buy,150,NEMO,2023-01-19T13:00:00,2023-01-19T14:00:00,2023-01-19T10:20:00,120.0,313.2,220.78,277.32,150.0,171.0,,,150.0,,,,2023,2023-01-19
2023-01-20 11:30:19,,2023_01_20-10_24,2023_01_20-10_24-1,Buy,500,IFA1/BN/NEMO/IFA2,2023-01-20T13:00:00,2023-01-20T14:00:00,2023-01-20T11:00:00,130.0,189.71,185.24,187.78,380.0,2185.0,33.0,5.0,183.0,159.0,,,2023,2023-01-20
2023-01-21 22:10:19,,2023_01_21-21_18,2023_01_21-21_18-1,Buy,300,IFA1/IFA2/EL/NEMO,2023-01-22T09:00:00,2023-01-22T10:00:00,2023-01-21T22:00:00,140.0,173.8,160.66,167.45,300.0,1591.0,127.0,,100.0,73.0,,,2023,2023-01-21
2023-01-22 22:52:23,,2023_01_22-22_11,2023_01_22-22_11-1,Buy,400,BN/NEMO,2023-01-23T07:00:00,2023-01-23T08:00:00,2023-01-22T22:40:00,174.54,258.47,246.02,251.44,400.0,3320.0,,350.0,50.0,,,,2023,2023-01-22
2023-01-23 09:52:39,"Due to French electricity system conditions, NGESO is unable to trade on the interconnectors joining GB and France. For more information, see this link to French margin graph: https://www.services-rte.com/en/view-data-published-by-rte/balancing-capacities.html#:~:text=RTE%20proposes%20on%20this%20web,best%20hypothesis%20at%20our%20disposal",2023_01_23-09_11,2023_01_23-09_11-1,Buy,800,IFA1/NEMO/IFA2/EL,2023-01-23T15:00:00,2023-01-23T16:00:00,2023-01-23T09:40:00,170.0,265.46,214.5,227.23,800.0,5327.0,174.0,,300.0,178.0,148.0,,2023,2023-01-23
2023-01-24 11:21:02,,2023_01_24-10_16,2023_01_24-10_16-1,Buy,1250,IFA1/BN/NEMO/IFA2,2023-01-24T13:00:00,2023-01-24T14:00:00,2023-01-24T11:00:00,170.0,204.08,188.63,196.4,1250.0,1815.0,391.0,69.0,436.0,354.0,,,2023,2023-01-24
2023-01-25 00:27:36,"Due to French electricity system conditions, NGESO is unable to trade on the interconnectors joining GB and France.",2023_01_24-23_15,2023_01_24-23_15-1,Buy,500,IFA1/IFA2/BN/NEMO/EL,2023-01-25T05:00:00,2023-01-25T06:00:00,2023-01-25T00:00:00,110.0,171.83,164.72,167.82,500.0,5259.0,,500.0,,,,,2023,2023-01-25
2023-01-27 11:58:42,,2023_01_27-11_23,2023_01_27-11_23-1,Buy,350,BN/NEMO/IFA2,2023-01-27T15:00:00,2023-01-27T16:00:00,2023-01-27T11:45:00,140.0,161.82,157.42,159.78,350.0,3611.0,,150.0,,200.0,,,2023,2023-01-27
2023-01-28 19:45:57,,2023_01_28-19_08,2023_01_28-19_08-1,Sell,1000,IFA1/BN/NEMO/IFA2/EL,2023-01-28T23:00:00,2023-01-29T00:00:00,2023-01-28T19:35:00,185.0,135.21,139.7,137.79,1000.0,7372.0,530.0,,,133.0,337.0,,2023,2023-01-28
2023-01-29 23:51:47,,2023_01_29-22_35,2023_01_29-22_35-1,Sell,500,BN/NEMO,2023-01-30T04:00:00,2023-01-30T05:00:00,2023-01-29T23:30:00,75.0,55.77,71.21,61.53,500.0,1483.0,,204.0,296.0,,,,2023,2023-01-29
2023-01-30 12:03:04,,2023_01_30-11_24,2023_01_30-11_24-1,Buy,300,NEMO,2023-01-30T16:00:00,2023-01-30T17:00:00,2023-01-30T11:50:00,130.0,0.0,0.0,0.0,0.0,369.0,,,,,,,2023,2023-01-30
2023-01-31 01:03:16,,2023_01_31-00_08,2023_01_31-00_08-1,Buy,800,NEMO,2023-01-31T05:00:00,2023-01-31T06:00:00,2023-01-31T01:00:00,83.61,0.0,0.0,0.0,0.0,5097.0,,,,,,,2023,2023-01-31
2023-02-01 20:57:57,,2023_02_01-19_28,2023_02_01-19_28-1,Sell,1000,IFA1/IFA2/BN/NEMO,2023-02-01T23:00:00,2023-02-02T00:00:00,2023-02-01T20:30:00,125.0,98.67,115.7,107.06,1000.0,7030.0,801.0,,,199.0,,,2023,2023-02-01
2023-02-02 11:43:51,,2023_02_02-10_00,2023_02_02-10_00-1,Buy,900,IFA1/IFA2/BN/NEMO,2023-02-02T14:00:00,2023-02-02T15:00:00,2023-02-02T10:45:00,150.0,141.25,137.43,139.4,900.0,3871.0,125.0,172.0,324.0,279.0,,,2023,2023-02-02
2023-02-03 19:50:40,,2023_02_03-19_00,2023_02_03-19_00-1,Sell,900,IFA1/IFA2/BN/NEMO/EL,2023-02-03T23:00:00,2023-02-04T00:00:00,2023-02-03T19:40:00,160.0,107.89,122.2,115.26,900.0,9062.0,140.0,175.0,30.0,525.0,30.0,,2023,2023-02-03
2023-02-04 14:14:49,,2023_02_04-13_26,2023_02_04-13_26-1,Buy,1500,IFA1/IFA2/BN/NEMO,2023-02-04T16:00:00,2023-02-04T17:00:00,2023-02-04T14:00:00,130.0,172.78,157.92,167.31,1500.0,2302.0,545.0,400.0,224.0,331.0,,,2023,2023-02-04
2023-02-05 00:37:50,,2023_02_04-23_52,2023_02_04-23_52-1,Sell,500,IFA1/IFA2/BN/NEMO,2023-02-05T02:00:00,2023-02-05T03:00:00,2023-02-05T00:25:00,145.0,85.94,88.75,87.45,500.0,4870.0,380.0,100.0,,20.0,,,2023,2023-02-05
2023-02-06 05:59:56,,2023_02_06-05_04,2023_02_06-05_04-1,Buy,1600,IFA1/IFA2/BN/NEMO/EL,2023-02-06T10:00:00,2023-02-06T11:00:00,2023-02-06T05:40:00,130.0,181.0,159.0,175.55,1600.0,2595.0,398.0,50.0,427.0,399.0,326.0,,2023,2023-02-06
2023-02-07 17:33:56,,2023_02_07-16_45,2023_02_07-16_45-1,Buy,800,IFA1/IFA2/BN/NEMO,2023-02-07T20:00:00,2023-02-07T21:00:00,2023-02-07T17:15:00,140.0,207.0,184.04,196.26,800.0,1148.0,453.0,2.0,150.0,195.0,,,2023,2023-02-07
2023-02-08 23:26:51,,2023_02_08-22_35,2023_02_08-22_35-1,Buy,1500,IFA1/IFA2/EL,2023-02-09T07:00:00,2023-02-09T08:00:00,2023-02-08T23:15:00,165.0,238.35,223.92,230.82,1500.0,8496.0,170.0,,,648.0,682.0,,2023,2023-02-08
2023-02-09 11:51:35,,2023_02_09-10_44,2023_02_09-10_44-1,Buy,300,IFA1/BN/IFA2,2023-02-09T14:00:00,2023-02-09T15:00:00,2023-02-09T11:30:00,100.0,142.95,128.0,140.78,300.0,2298.0,74.0,67.0,,159.0,,,2023,2023-02-09
2023-02-10 20:48:56,,2023_02_10-19_47,2023_02_10-19_47-1,Sell,300,IFA1/BN/IFA2,2023-02-10T23:00:00,2023-02-11T00:00:00,2023-02-10T20:30:00,160.0,116.08,123.67,120.18,300.0,2493.0,225.0,,,75.0,,,2023,2023-02-10
2023-02-12 20:47:21,,2023_02_12-19_52,2023_02_12-19_52-1,Buy,850,BN/NEMO,2023-02-13T05:00:00,2023-02-13T06:00:00,2023-02-12T20:25:00,110.0,171.33,151.57,165.56,850.0,4758.0,,373.0,477.0,,,,2023,2023-02-12
2023-02-13 11:16:36,,2023_02_13-10_26,2023_02_13-10_26-1,Buy,600,IFA1/IFA2/NEMO,2023-02-13T14:00:00,2023-02-13T15:00:00,2023-02-13T11:00:00,115.0,135.96,127.26,131.31,600.0,1631.0,147.0,,355.0,98.0,,,2023,2023-02-13
2023-02-14 01:03:21,"Due to French electricity system conditions, NGESO is unable to trade on the interconnectors joining GB and France. For more information, see this link to French margin graph: https://www.services-rte.com/en/view-data-published-by-rte/balancing-capacities.html#:~:text=RTE%20proposes%20on%20this%20web,best%20hypothesis%20at%20our%20disposal",2023_02_14-00_19,2023_02_14-00_19-1,Buy,700,IFA1/IFA2/BN/NEMO/EL,2023-02-14T06:00:00,2023-02-14T07:00:00,2023-02-14T00:50:00,150.0,192.45,182.92,189.09,700.0,6966.0,,426.0,274.0,,,,2023,2023-02-14
2023-02-15 02:32:38,,2023_02_15-01_40,2023_02_15-01_40-1,Buy,500,IFA1/BN/NEMO/IFA2,2023-02-15T07:00:00,2023-02-15T08:00:00,2023-02-15T02:15:00,150.0,172.32,170.8,171.56,500.0,6985.0,175.0,175.0,25.0,125.0,,,2023,2023-02-15
2023-02-16 13:18:01,,2023_02_16-12_28,2023_02_16-12_28-1,Buy,400,NEMO,2023-02-16T15:00:00,2023-02-16T16:00:00,2023-02-16T13:00:00,100.22,221.17,115.09,155.66,398.0,423.0,,,398.0,,,,2023,2023-02-16
2023-02-17 20:57:33,,2023_02_17-19_41,2023_02_17-19_41-1,Sell,1100,IFA1/IFA2/BN/NEMO,2023-02-17T23:00:00,2023-02-18T00:00:00,2023-02-17T20:30:00,180.0,103.47,126.88,112.34,1100.0,7621.0,665.0,,,435.0,,,2023,2023-02-17
2023-02-18 20:27:43,,2023_02_18-19_37,2023_02_18-19_37-1,Sell,1200,IFA1/BN/NEMO/IFA2,2023-02-18T23:00:00,2023-02-19T00:00:00,2023-02-18T20:15:00,139.59,81.66,95.11,87.4,1200.0,9777.0,892.0,,,308.0,,,2023,2023-02-18
2023-02-19 11:15:03,,2023_02_19-10_28,2023_02_19-10_28-1,Buy,600,IFA1/BN/NEMO/IFA2/EL,2023-02-19T16:00:00,2023-02-19T17:00:00,2023-02-19T11:10:00,110.0,128.18,120.8,125.3,600.0,2374.0,176.0,35.0,,315.0,74.0,,2023,2023-02-19
2023-02-20 21:12:43,,2023_02_20-20_23,2023_02_20-20_23-1,Buy,500,IFA1/NEMO/IFA2/EL,2023-02-21T06:00:00,2023-02-21T07:00:00,2023-02-20T20:55:00,120.0,157.63,151.1,154.72,500.0,5056.0,100.0,,150.0,50.0,200.0,,2023,2023-02-20
2023-02-21 09:46:57,,2023_02_21-09_04,2023_02_21-09_04-1,Buy,1200,IFA1/NEMO/IFA2/EL,2023-02-21T13:00:00,2023-02-21T14:00:00,2023-02-21T09:35:00,100.0,142.5,131.42,137.96,1200.0,3444.0,614.0,,251.0,178.0,157.0,,2023,2023-02-21
2023-02-22 00:18:14,,2023_02_21-23_30,2023_02_21-23_30-1,Buy,500,IFA1/IFA2/BN/NEMO/EL,2023-02-22T06:00:00,2023-02-22T07:00:00,2023-02-22T00:00:00,120.0,169.26,164.36,167.23,500.0,5283.0,300.0,50.0,50.0,,100.0,,2023,2023-02-22
2023-02-25 21:45:20,,2023_02_25-20_51,2023_02_25-20_51-1,Sell,300,IFA1/BN/NEMO/IFA2,2023-02-26T03:00:00,2023-02-26T04:00:00,2023-02-25T21:30:00,140.0,92.0,97.26,93.38,300.0,3476.0,276.0,,,24.0,,,2023,2023-02-25
2023-02-26 10:42:10,,2023_02_26-09_41,2023_02_26-09_41-1,Sell,500,IFA1,2023-02-26T12:00:00,2023-02-26T13:00:00,2023-02-26T10:20:00,160.0,0.0,0.0,0.0,0.0,2454.0,,,,,,,2023,2023-02-26
2023-02-27 00:22:46,,2023_02_26-23_12,2023_02_26-23_12-1,Buy,500,IFA1/BN/IFA2/EL,2023-02-27T05:00:00,2023-02-27T06:00:00,2023-02-26T23:45:00,115.0,148.5,143.23,144.87,450.0,2484.0,247.0,,,,203.0,,2023,2023-02-27
2023-02-28 20:20:29,,2023_02_28-19_32,2023_02_28-19_32-1,Buy,1000,IFA1/BN/NEMO/IFA2,2023-03-01T04:00:00,2023-03-01T05:00:00,2023-02-28T20:05:00,90.0,138.36,126.0,134.37,1000.0,6552.0,350.0,248.0,387.0,15.0,,,2023,2023-02-28
2023-03-01 00:20:25,,2023_02_28-23_42,2023_02_28-23_42-1,Buy,1300,IFA1/BN/NEMO/IFA2,2023-03-01T02:00:00,2023-03-01T03:00:00,2023-03-01T00:10:00,90.0,0.0,0.0,0.0,0.0,3053.0,,,,,,,2023,2023-03-01
2023-03-02 01:22:20,,2023_03_02-00_29,2023_03_02-00_29-1,Buy,1000,IFA1/BN/IFA2/EL,2023-03-02T07:00:00,2023-03-02T08:00:00,2023-03-02T01:05:00,133.45,208.06,168.83,204.0,1000.0,7271.0,160.0,30.0,,358.0,452.0,,2023,2023-03-02
2023-03-03 12:32:50,,2023_03_03-11_25,2023_03_03-11_25-1,Buy,700,IFA1/IFA2/EL,2023-03-03T17:00:00,2023-03-03T18:00:00,2023-03-03T12:10:00,130.0,169.68,163.72,167.77,700.0,8380.0,383.0,,,,317.0,,2023,2023-03-03
2023-03-06 03:37:33,,2023_03_06-02_02,2023_03_06-02_02-1,Buy,2000,BN/NEMO,2023-03-06T06:00:00,2023-03-06T07:00:00,2023-03-06T02:30:00,130.0,279.18,206.3,239.9,1400.0,4540.0,,828.0,572.0,,,,2023,2023-03-06
2023-03-07 16:07:15,,2023_03_07-14_56,2023_03_07-14_56-1,Buy,800,IFA1/NEMO/IFA2/EL,2023-03-07T18:00:00,2023-03-07T19:00:00,2023-03-07T15:35:00,180.0,611.37,297.14,448.03,169.0,4126.0,,,169.0,,,,2023,2023-03-07
2023-03-08 19:34:43,,2023_03_08-19_01,2023_03_08-19_01-1,Buy,300,BN/NEMO,2023-03-09T07:00:00,2023-03-09T08:00:00,2023-03-08T19:30:00,119.0,157.04,150.0,154.14,300.0,2737.0,,120.0,180.0,,,,2023,2023-03-08
2023-03-09 19:59:17,,2023_03_09-19_23,2023_03_09-19_23-1,Sell,500,IFA1/IFA2/BN/NEMO/EL,2023-03-10T02:00:00,2023-03-10T03:00:00,2023-03-09T20:45:00,100.0,79.08,85.43,81.79,500.0,2392.0,481.0,19.0,,,,,2023,2023-03-09
2023-03-11 19:46:54,,2023_03_11-19_00,2023_03_11-19_00-1,Sell,1400,IFA1/BN/NEMO/IFA2/EL,2023-03-11T23:00:00,2023-03-12T00:00:00,2023-03-11T19:30:00,145.0,87.41,101.15,91.07,1400.0,10316.0,285.0,98.0,360.0,49.0,608.0,,2023,2023-03-11
2023-03-12 09:53:40,,2023_03_12-08_45,2023_03_12-08_45-1,Sell,550,IFA1/IFA2/BN/NEMO,2023-03-12T12:00:00,2023-03-12T13:00:00,2023-03-12T09:25:00,100.0,32.73,36.28,34.71,550.0,5582.0,351.0,,,99.0,,,2023,2023-03-12
2023-03-13 19:28:07,,2023_03_13-18_54,2023_03_13-18_54-1,Sell,700,IFA1/BN/NEMO/IFA2,2023-03-13T21:00:00,2023-03-13T22:00:00,2023-03-13T19:15:00,130.0,25.95,40.18,33.79,700.0,3720.0,97.0,603.0,,,,,2023,2023-03-13
2023-03-14 23:01:14,,2023_03_14-22_27,2023_03_14-22_27-1,Sell,400,BN/NEMO,2023-03-15T04:00:00,2023-03-15T05:00:00,2023-03-14T22:50:00,130.0,102.32,108.0,103.88,400.0,2252.0,,,400.0,,,,2023,2023-03-14
2023-03-15 21:05:22,"Due to French electricity system conditions, NGESO is unable to trade on the interconnectors joining GB and France.",2023_03_15-20_01,2023_03_15-20_01-1,Sell,400,IFA1/IFA2/BN/NEMO,2023-03-15T23:00:00,2023-03-16T00:00:00,2023-03-15T20:40:00,130.0,85.56,92.4,88.72,400.0,4380.0,,16.0,384.0,,,,2023,2023-03-15
2023-03-16 20:17:20,,2023_03_16-19_31,2023_03_16-19_31-1,Sell,1100,IFA1/BN/NEMO/IFA2,2023-03-16T23:00:00,2023-03-17T00:00:00,2023-03-16T20:10:00,101.57,51.93,66.93,56.93,1100.0,7772.0,458.0,7.0,500.0,135.0,,,2023,2023-03-16
2023-03-17 01:14:46,,2023_03_17-00_34,2023_03_17-00_34-1,Sell,200,IFA1/BN/NEMO/IFA2,2023-03-17T03:00:00,2023-03-17T04:00:00,2023-03-17T01:00:00,120.18,40.0,45.0,42.95,200.0,2808.0,148.0,38.0,,14.0,,,2023,2023-03-17
2023-03-18 21:00:15,,2023_03_18-20_20,2023_03_18-20_20-1,Sell,500,IFA1/BN/NEMO/IFA2,2023-03-18T23:00:00,2023-03-19T00:00:00,2023-03-18T20:50:00,153.37,91.8,94.17,92.82,500.0,5968.0,200.0,100.0,200.0,,,,2023,2023-03-18
2023-03-22 20:30:27,"Due to French electricity system conditions, NGESO is unable to trade on the interconnectors joining GB and France.",2023_03_22-19_25,2023_03_22-19_25-1,Sell,500,IFA1/IFA2/BN/NEMO,2023-03-22T22:00:00,2023-03-22T23:00:00,2023-03-22T20:15:00,90.0,23.36,53.0,38.66,500.0,1148.0,,50.0,350.0,100.0,,,2023,2023-03-22
2023-03-23 01:21:22,"Due to French electricity system conditions, NGESO is unable to trade on the interconnectors joining GB and France.",2023_03_23-00_25,2023_03_23-00_25-1,Sell,1650,BN/NEMO/IFA1/IFA2/EL,2023-03-23T09:00:00,2023-03-23T10:00:00,2023-03-23T01:05:00,115.0,4.79,34.4,9.79,1650.0,11086.0,,225.0,1425.0,,,,2023,2023-03-23
2023-03-24 00:32:16,,2023_03_23-23_54,2023_03_23-23_54-1,Sell,1500,IFA1/BN/NEMO/IFA2,2023-03-24T02:00:00,2023-03-24T03:00:00,2023-03-24T00:30:00,65.0,11.97,18.64,14.76,1500.0,6326.0,550.0,150.0,600.0,200.0,,,2023,2023-03-24
2023-03-25 00:41:28,"Due to French electricity system conditions, NGESO is unable to trade on the interconnectors joining GB and France.",2023_03_24-23_46,2023_03_24-23_46-1,Sell,4200,BN/IFA1/NEMO/IFA2/EL,2023-03-25T06:00:00,2023-03-25T07:00:00,2023-03-25T00:20:00,60.0,-76.98,0.0,-50.94,3534.0,8959.0,200.0,1584.0,1450.0,,300.0,,2023,2023-03-25
2023-03-26 19:39:54,,2023_03_26-20_12,2023_03_26-20_12-1,Sell,1500,IFA1/BN/NEMO/IFA2,2023-03-26T22:00:00,2023-03-26T23:00:00,2023-03-26T19:45:00,120.0,,,,,,,,,,,,2023,2023-03-26
2023-03-28 00:44:45,,2023_03_28-01_11,2023_03_28-01_11-1,Buy,200,BN/NEMO,2023-03-28T05:00:00,2023-03-28T06:00:00,2023-03-28T00:40:00,105.0,129.89,127.25,128.57,200.0,1950.0,,200.0,,,,,2023,2023-03-28
2023-03-29 14:30:15,,2023_03_29-14_55,2023_03_29-14_55-1,Sell,400,BN/NEMO,2023-03-29T19:00:00,2023-03-29T20:00:00,2023-03-29T14:25:00,130.0,93.91,96.15,95.15,400.0,2708.0,,75.0,325.0,,,,2023,2023-03-29
2023-03-30 09:48:23,,2023_03_30-09_52,2023_03_30-09_52-1,Sell,550,IFA1/BN/NEMO,2023-03-30T12:00:00,2023-03-30T13:00:00,2023-03-30T09:30:00,110.0,-15.81,0.0,-10.77,550.0,4272.0,324.0,,226.0,,,,2023,2023-03-30
2023-03-31 19:42:15,,2023_03_31-20_10,2023_03_31-20_10-1,Sell,400,IFA1/IFA2/BN/NEMO,2023-03-31T23:00:00,2023-04-01T00:00:00,2023-03-31T19:40:00,100.0,44.88,55.6,47.99,400.0,4629.0,150.0,114.0,,136.0,,,2023,2023-03-31
2023-04-03 19:18:35,,2023_04_03-19_24,2023_04_03-19_24-1,Buy,500,IFA1/BN/NEMO/EL,2023-04-04T05:00:00,2023-04-04T06:00:00,2023-04-03T19:15:13,123.0,173.3,167.38,171.0,500.0,4440.0,316.0,50.0,25.0,,109.0,,2023,2023-04-03
2023-04-04 13:05:04,,2023_04_04-13_23,2023_04_04-13_23-1,Buy,800,IFA1/BN/NEMO/IFA2,2023-04-04T16:00:00,2023-04-04T17:00:00,2023-04-04T13:00:00,110.0,131.05,122.13,127.83,800.0,4416.0,280.0,100.0,405.0,15.0,,,2023,2023-04-04
2023-04-05 00:22:45,,2023_04_05-00_33,2023_04_05-00_33-1,Buy,2000,IFA1/BN/NEMO/IFA2/EL,2023-04-05T06:00:00,2023-04-05T07:00:00,2023-04-05T00:10:00,130.0,254.84,216.47,238.95,2000.0,10150.0,265.0,877.0,295.0,563.0,,,2023,2023-04-05
2023-04-08 14:42:46,,2023_04_08-15_03,2023_04_08-15_03-1,Buy,500,BN/NEMO,2023-04-08T20:00:00,2023-04-08T21:00:00,2023-04-08T14:35:00,100.0,135.95,132.13,133.48,500.0,1293.0,,400.0,100.0,,,,2023,2023-04-08
2023-04-09 22:20:32,,2023_04_09-22_41,2023_04_09-22_41-1,Sell,500,IFA1/BN/NEMO/IFA2,2023-04-10T01:00:00,2023-04-10T02:00:00,2023-04-09T22:15:00,75.0,33.1,38.45,35.64,500.0,3519.0,402.0,,98.0,,,,2023,2023-04-09
2023-04-10 00:36:18,,2023_04_10-00_45,2023_04_10-00_45-1,Sell,500,IFA1/BN/NEMO/IFA2/EL,2023-04-10T06:00:00,2023-04-10T07:00:00,2023-04-10T00:25:00,85.0,37.22,38.62,37.92,500.0,14157.0,150.0,50.0,199.0,101.0,,,2023,2023-04-10
2023-04-11 00:33:20,,2023_04_11-01_00,2023_04_11-01_00-1,Buy,600,IFA1/IFA2/EL/BN/NEMO,2023-04-11T05:00:00,2023-04-11T06:00:00,2023-04-11T00:30:00,90.0,128.29,118.26,123.92,600.0,5171.0,25.0,249.0,326.0,,,,2023,2023-04-11
2023-04-12 00:56:37,,2023_04_12-01_05,2023_04_12-01_05-1,Buy,1300,IFA1/BN/IFA2/NEMO,2023-04-12T05:00:00,2023-04-12T06:00:00,2023-04-12T00:45:00,90.0,153.0,140.24,147.58,1300.0,7428.0,223.0,593.0,325.0,159.0,,,2023,2023-04-12
2023-04-13 12:33:40,"Due to French electricity system conditions, NGESO is unable to trade on the interconnectors joining GB and France.",2023_04_13-12_45,2023_04_13-12_45-1,Buy,200,IFA1/BN/NEMO/IFA2,2023-04-13T16:00:00,2023-04-13T17:00:00,2023-04-13T12:10:00,95.0,136.46,132.3,134.76,200.0,5561.0,200.0,,,,,,2023,2023-04-13
2023-04-16 22:48:59,,2023_04_16-22_29,2023_04_16-22_29-1,Buy,200,NEMO,2023-04-17T04:00:00,2023-04-17T05:00:00,2023-04-16T22:05:00,100.0,135.61,135.61,135.61,200.0,1886.0,,,200.0,,,,2023,2023-04-16
2023-04-17 02:32:48,,2023_04_17-02_59,2023_04_17-02_59-1,Buy,300,IFA1/IFA2/NEMO,2023-04-17T05:00:00,2023-04-17T06:00:00,2023-04-17T02:30:00,115.0,184.46,181.97,182.86,300.0,2829.0,102.0,,,198.0,,,2023,2023-04-17
2023-04-18 22:07:52,,2023_04_18-22_44,2023_04_18-22_44-1,Buy,600,IFA1/IFA2/BN/NEMO/EL,2023-04-19T04:00:00,2023-04-19T05:00:00,2023-04-18T22:05:00,90.0,122.7,118.91,120.99,600.0,4512.0,129.0,346.0,125.0,,,,2023,2023-04-18
2023-04-20 20:48:52,,2023_04_20-21_13,2023_04_20-21_13-1,Buy,250,IFA1/BN/NEMO/IFA2,2023-04-21T03:00:00,2023-04-21T04:00:00,2023-04-20T20:45:00,70.0,101.69,94.8,99.0,250.0,2636.0,,158.0,,92.0,,,2023,2023-04-20
2023-04-21 11:21:08,,2023_04_21-11_41,2023_04_21-11_41-1,Buy,700,BN/NEMO/IFA2/EL,2023-04-21T15:00:00,2023-04-21T16:00:00,2023-04-21T11:15:00,70.0,94.92,85.5,90.57,700.0,3918.0,,98.0,80.0,407.0,115.0,,2023,2023-04-21
2023-04-24 14:33:17,,2023_04_24-14_45,2023_04_24-14_45-1,Buy,700,IFA1/IFA2/BN/NEMO/EL,2023-04-24T18:00:00,2023-04-24T19:00:00,2023-04-24T14:30:00,101.05,131.13,124.9,128.84,700.0,5345.0,270.0,49.0,155.0,128.0,98.0,,2023,2023-04-24
2023-04-25 16:22:28,,2023_04_25-16_45,2023_04_25-16_45-1,Buy,700,IFA1/IFA2/BN/NEMO,2023-04-25T21:00:00,2023-04-25T22:00:00,2023-04-25T16:15:00,90.0,114.0,104.89,110.05,700.0,1631.0,245.0,73.0,369.0,13.0,,,2023,2023-04-25
2023-04-26 16:33:07,,2023_04_26-16_47,2023_04_26-16_47-1,Buy,900,IFA1/IFA2/BN/NEMO,2023-04-26T20:00:00,2023-04-26T21:00:00,2023-04-26T16:25:00,110.0,126.53,119.8,123.44,900.0,2417.0,49.0,682.0,120.0,49.0,,,2023,2023-04-26
2023-04-27 13:17:55,,2023_04_27-13_20,2023_04_27-13_20-1,Buy,850,IFA1/EL/NEMO,2023-04-27T18:00:00,2023-04-27T19:00:00,2023-04-27T13:10:00,100.0,128.0,120.55,124.94,850.0,8321.0,424.0,,129.0,,297.0,,2023,2023-04-27
2023-05-03 00:15:14,,2023_05_03-00_40,2023_05_03-00_40-1,Buy,700,IFA1/BN/NEMO/IFA2/EL,2023-05-03T05:00:00,2023-05-03T06:00:00,2023-05-03T00:10:00,90.0,121.01,116.42,118.81,700.0,2992.0,329.0,,,271.0,100.0,,2023,2023-05-03
2023-05-04 00:23:46,,2023_05_04-00_50,2023_05_04-00_50-1,Buy,1200,IFA1/IFA2/BN/NEMO/EL,2023-05-04T05:00:00,2023-05-04T06:00:00,2023-05-04T00:20:00,85.0,121.54,114.35,118.32,1200.0,3865.0,237.0,434.0,150.0,161.0,218.0,,2023,2023-05-04
2023-05-05 19:19:34,,2023_05_05-19_38,2023_05_05-19_38-1,Sell,500,IFA2,2023-05-06T09:00:00,2023-05-06T10:00:00,2023-05-05T19:15:00,120.0,54.1,58.62,55.65,500.0,1133.0,,,,500.0,,,2023,2023-05-05
2023-05-08 14:43:44,,2023_05_08-15_07,2023_05_08-15_07-1,Buy,800,IFA1/BN/NEMO/IFA2/EL,2023-05-08T20:00:00,2023-05-08T21:00:00,2023-05-08T14:40:00,80.0,117.0,110.2,114.74,800.0,6185.0,400.0,,,220.0,180.0,,2023,2023-05-08
2023-05-10 21:08:59,,2023_05_10-21_37,2023_05_10-21_37-1,Buy,500,IFA1/IFA2/EL/BN/NEMO,2023-05-11T05:00:00,2023-05-11T06:00:00,2023-05-10T21:05:00,90.0,136.12,127.44,132.63,500.0,4585.0,98.0,157.0,100.0,50.0,95.0,,2023,2023-05-10
2023-05-11 23:33:38,,2023_05_11-23_56,2023_05_11-23_56-1,Buy,900,IFA1/IFA2/NEMO/BN/EL,2023-05-12T05:00:00,2023-05-12T06:00:00,2023-05-11T23:30:00,85.0,116.97,109.88,114.24,900.0,5762.0,526.0,75.0,100.0,199.0,,,2023,2023-05-11
2023-05-13 06:41:43,,2023_05_13-07_11,2023_05_13-07_11-1,Sell,300,NEMO,2023-05-13T10:00:00,2023-05-13T11:00:00,2023-05-13T06:40:00,80.0,-40.0,-5.0,-27.29,300.0,1788.0,,,300.0,,,,2023,2023-05-13
2023-05-14 14:22:46,,2023_05_14-14_55,2023_05_14-14_55-1,Buy,400,BN/NEMO,2023-05-14T18:00:00,2023-05-14T19:00:00,2023-05-14T14:20:00,90.0,129.0,122.7,126.31,400.0,1771.0,,400.0,,,,,2023,2023-05-14
2023-05-15 00:37:31,,2023_05_15-00_47,2023_05_15-00_47-1,Buy,500,IFA1/BN/NEMO/EL,2023-05-15T04:00:00,2023-05-15T05:00:00,2023-05-15T00:30:42,58.0,108.53,93.5,104.2,500.0,4881.0,247.0,,,,253.0,,2023,2023-05-15
2023-05-18 11:58:31,,2023_05_18-12_20,2023_05_18-12_20-1,Buy,600,BN,2023-05-18T17:00:00,2023-05-18T18:00:00,2023-05-18T11:55:00,80.0,89.58,80.0,84.51,600.0,3594.0,,600.0,,,,,2023,2023-05-18
2023-05-19 18:53:13,,2023_05_19-19_13,2023_05_19-19_13-1,Sell,800,IFA1/IFA2/BN/NEMO/EL,2023-05-20T01:00:00,2023-05-20T02:00:00,2023-05-19T18:50:00,80.0,42.16,54.12,45.11,800.0,6765.0,322.0,228.0,250.0,,,,2023,2023-05-19
2023-05-20 09:23:08,,2023_05_20-09_52,2023_05_20-09_52-1,Sell,300,IFA1/BN/NEMO,2023-05-20T11:00:00,2023-05-20T12:00:00,2023-05-20T09:20:00,80.0,-49.71,-33.85,-37.8,300.0,2808.0,200.0,,100.0,,,,2023,2023-05-20
2023-05-21 02:54:39,,2023_05_21-02_59,2023_05_21-02_59-1,Sell,600,IFA1/IFA2/BN/NEMO,2023-05-21T06:00:00,2023-05-21T07:00:00,2023-05-21T02:45:00,75.0,26.0,29.25,28.03,600.0,5192.0,,510.0,,90.0,,,2023,2023-05-21
2023-05-22 10:44:00,,2023_05_22-10_56,2023_05_22-10_56-1,Buy,250,NEMO,2023-05-22T15:00:00,2023-05-22T16:00:00,2023-05-22T10:35:00,60.0,96.9,95.8,96.62,250.0,1092.0,,,250.0,,,,2023,2023-05-22
2023-05-24 20:29:03,,2023_05_24-19_34,2023_05_24-19_34-1,Sell,300,IFA1/IFA2/NEMO,2023-05-25T02:00:00,2023-05-25T03:00:00,2023-05-24T19:10:00,65.0,56.15,61.15,58.04,300.0,2682.0,125.0,,100.0,25.0,,,2023,2023-05-24
2023-05-27 00:32:11,,2023_05_27-00_54,2023_05_27-00_54-1,Sell,400,IFA1/IFA2/EL/BN/NEMO,2023-05-27T05:00:00,2023-05-27T06:00:00,2023-05-27T00:30:00,80.0,62.07,66.24,63.47,400.0,2231.0,300.0,,,,100.0,,2023,2023-05-27
2023-05-28 09:56:05,,2023_05_28-10_12,2023_05_28-10_12-1,Sell,2000,IFA1/IFA2/BN/NEMO,2023-05-28T12:00:00,2023-05-28T13:00:00,2023-05-28T09:50:00,60.0,-109.02,-82.95,-94.18,2000.0,4376.0,1470.0,,,530.0,,,2023,2023-05-28
2023-05-29 00:39:53,,2023_05_29-00_40,2023_05_29-00_40-1,Sell,500,BN/NEMO,2023-05-29T02:00:00,2023-05-29T03:00:00,2023-05-29T00:20:00,70.0,-176.8,-80.0,-131.1,500.0,844.0,,195.0,305.0,,,,2023,2023-05-29
2023-05-30 10:28:16,,2023_05_30-10_53,2023_05_30-10_53-1,Sell,500,BN/NEMO,2023-05-30T13:00:00,2023-05-30T14:00:00,2023-05-30T10:20:00,60.0,15.62,23.32,17.95,500.0,3574.0,,255.0,245.0,,,,2023,2023-05-30
2023-05-31 10:24:31,,2023_05_31-10_42,2023_05_31-10_42-1,Sell,400,BN/NEMO,2023-05-31T13:00:00,2023-05-31T14:00:00,2023-05-31T10:20:00,60.0,-11.0,-5.0,-8.43,400.0,2625.0,,75.0,325.0,,,,2023,2023-05-31
2023-06-01 12:59:04,,2023_06_01-13_23,2023_06_01-13_23-1,Buy,200,IFA1/IFA2/BN/NEMO,2023-06-01T17:00:00,2023-06-01T18:00:00,2023-06-01T12:55:00,75.0,92.73,91.03,91.48,200.0,2616.0,77.0,,25.0,98.0,,,2023,2023-06-01
2023-06-02 10:27:26,,2023_06_02-10_51,2023_06_02-10_51-1,Sell,500,IFA1/IFA2/BN/NEMO,2023-06-02T12:00:00,2023-06-02T13:00:00,2023-06-02T10:25:00,75.0,43.01,48.47,44.77,500.0,7184.0,225.0,111.0,40.0,124.0,,,2023,2023-06-02
2023-06-03 09:24:04,"Due to French electricity system conditions, NGESO is unable to trade on the interconnectors joining GB and France. For more information, see this link to French margin graph: https://www.services-rte.com/en/view-data-published-by-rte/balancing-capacities.html#:~:text=RTE%20proposes%20on%20this%20web,best%20hypothesis%20at%20our%20disposal",2023_06_03-09_43,2023_06_03-09_43-1,Sell,2200,IFA1/IFA2/BN/NEMO,2023-06-03T12:00:00,2023-06-03T13:00:00,2023-06-03T09:20:00,50.0,-44.4,-8.1,-27.07,2200.0,8797.0,585.0,304.0,896.0,415.0,,,2023,2023-06-03
2023-06-04 09:51:27,"Due to French electricity system conditions, NGESO is unable to trade on the interconnectors joining GB and France.",2023_06_04-10_00,2023_06_04-10_00-1,Sell,2900,IFA1/IFA2/BN/NEMO,2023-06-04T12:00:00,2023-06-04T13:00:00,2023-06-04T09:45:00,60.0,-50.0,-26.67,-37.7,2900.0,8213.0,905.0,360.0,1040.0,595.0,,,2023,2023-06-04
2023-06-05 16:26:49,,2023_06_05-16_45,2023_06_05-16_45-1,Buy,600,IFA1/IFA2/BN/NEMO,2023-06-05T19:00:00,2023-06-05T20:00:00,2023-06-05T16:20:00,80.0,101.96,93.15,98.09,600.0,2179.0,120.0,,405.0,75.0,,,2023,2023-06-05
2023-06-08 15:05:30,,2023_06_08-15_29,2023_06_08-15_29-1,Buy,400,BN/NEMO,2023-06-08T17:00:00,2023-06-08T18:00:00,2023-06-08T15:00:00,65.0,0.0,0.0,0.0,0.0,1441.0,,,,,,,2023,2023-06-08
2023-06-09 09:04:36,,2023_06_09-09_29,2023_06_09-09_29-1,Sell,200,IFA1/IFA2/BN/NEMO,2023-06-09T11:00:00,2023-06-09T12:00:00,2023-06-09T09:00:00,70.0,58.13,58.13,58.13,200.0,2196.0,200.0,,,,,,2023,2023-06-09
2023-06-10 08:48:18,"Due to French electricity system conditions, NGESO is unable to trade on the interconnectors joining GB and France. For more information, see this link to French margin graph: https://www.services-rte.com/en/view-data-published-by-rte/balancing-capacities.html#:~:text=RTE%20proposes%20on%20this%20web,best%20hypothesis%20at%20our%20disposal",2023_06_10-09_16,2023_06_10-09_16-1,Sell,3100,IFA1/BN/NEMO/IFA2/EL,2023-06-10T12:00:00,2023-06-10T13:00:00,2023-06-10T08:46:05,20.0,-25.0,0.01,-14.72,3100.0,5298.0,551.0,300.0,800.0,699.0,750.0,,2023,2023-06-10
2023-06-11 14:32:27,,2023_06_11-14_58,2023_06_11-14_58-1,Buy,400,IFA2/EL/BN/NEMO,2023-06-11T20:00:00,2023-06-11T21:00:00,2023-06-11T14:25:00,75.0,119.3,105.98,113.51,400.0,1752.0,,208.0,,50.0,142.0,,2023,2023-06-11
2023-06-12 19:11:36,,2023_06_12-19_24,2023_06_12-19_24-1,Buy,150,IFA1/IFA2/NEMO/BN,2023-06-13T03:00:00,2023-06-13T04:00:00,2023-06-12T19:00:00,60.0,81.69,81.16,81.43,150.0,1394.0,75.0,75.0,,,,,2023,2023-06-12
2023-06-13 11:12:59,,2023_06_13-11_35,2023_06_13-11_35-1,Buy,600,IFA1/IFA2/EL/BN/NEMO,2023-06-13T18:00:00,2023-06-13T19:00:00,2023-06-13T11:00:00,90.0,119.24,115.15,118.0,600.0,7622.0,,100.0,110.0,365.0,25.0,,2023,2023-06-13
2023-06-14 02:21:34,,2023_06_14-02_52,2023_06_14-02_52-1,Buy,500,BN/NEMO/IFA1/IFA2,2023-06-14T05:00:00,2023-06-14T06:00:00,2023-06-14T02:15:00,80.0,109.89,102.87,104.48,500.0,2776.0,50.0,,450.0,,,,2023,2023-06-14
2023-06-16 02:39:43,,2023_06_16-02_56,2023_06_16-02_56-1,Buy,1200,IFA1/IFA2/BN/NEMO,2023-06-16T05:00:00,2023-06-16T06:00:00,2023-06-16T02:35:00,118.36,129.77,124.26,127.49,1200.0,3623.0,554.0,,450.0,196.0,,,2023,2023-06-16
2023-06-17 16:48:21,,2023_06_17-17_22,2023_06_17-17_22-1,Buy,650,IFA1/IFA2/BN/NEMO,2023-06-17T21:00:00,2023-06-17T22:00:00,2023-06-17T16:45:00,90.0,121.21,114.36,118.16,650.0,2992.0,420.0,,,230.0,,,2023,2023-06-17
2023-06-18 15:03:42,,2023_06_18-15_19,2023_06_18-15_19-1,Buy,700,IFA1/IFA2/BN/NEMO,2023-06-18T18:00:00,2023-06-18T19:00:00,2023-06-18T15:00:00,100.0,123.49,118.65,121.11,700.0,5362.0,500.0,,,200.0,,,2023,2023-06-18
2023-06-19 13:33:11,,2023_06_19-13_35,2023_06_19-13_35-1,Buy,500,IFA1/BN/NEMO,2023-06-19T16:00:00,2023-06-19T17:00:00,2023-06-19T13:30:00,92.0,122.96,117.87,119.66,500.0,3705.0,,500.0,,,,,2023,2023-06-19
2023-06-20 13:02:21,,2023_06_20-13_05,2023_06_20-13_05-1,Buy,200,IFA1/BN/NEMO,2023-06-20T15:00:00,2023-06-20T16:00:00,2023-06-20T12:50:00,82.86,114.5,108.63,111.76,200.0,1116.0,173.0,,27.0,,,,2023,2023-06-20
2023-06-21 13:33:02,,2023_06_21-13_49,2023_06_21-13_49-1,Buy,250,IFA1/BN/NEMO,2023-06-21T16:00:00,2023-06-21T17:00:00,2023-06-21T13:25:00,100.0,115.7,113.75,114.59,250.0,2087.0,100.0,150.0,,,,,2023,2023-06-21
2023-06-22 11:17:03,,2023_06_22-11_38,2023_06_22-11_38-1,Sell,350,IFA1/EL,2023-06-22T16:00:00,2023-06-22T17:00:00,2023-06-22T11:15:00,120.0,121.02,122.74,121.72,350.0,4304.0,150.0,,,,200.0,,2023,2023-06-22
2023-06-23 08:33:42,,2023_06_23-08_57,2023_06_23-08_57-1,Sell,400,IFA1/NEMO,2023-06-23T11:00:00,2023-06-23T12:00:00,2023-06-23T08:30:00,95.0,75.0,79.14,76.0,400.0,2528.0,245.0,,155.0,,,,2023,2023-06-23
2023-06-24 03:56:09,,2023_06_24-04_27,2023_06_24-04_27-1,Sell,100,IFA1/IFA2/BN/NEMO,2023-06-24T08:00:00,2023-06-24T09:00:00,2023-06-24T03:50:00,95.0,53.56,54.71,54.14,100.0,795.0,,,50.0,50.0,,,2023,2023-06-24
2023-06-25 04:35:49,,2023_06_25-04_46,2023_06_25-04_46-1,Sell,3000,IFA1/IFA2/BN/NEMO,2023-06-25T06:00:00,2023-06-25T07:00:00,2023-06-25T04:30:00,80.0,-8.0,17.2,6.2,3000.0,4623.0,1949.0,750.0,51.0,250.0,,,2023,2023-06-25
2023-06-26 13:28:23,,2023_06_26-13_19,2023_06_26-13_19-1,Buy,580,IFA1/IFA2/BN/NEMO,2023-06-26T17:00:00,2023-06-26T18:00:00,2023-06-26T13:25:00,83.0,112.27,102.3,107.5,580.0,3074.0,349.0,80.0,,151.0,,,2023,2023-06-26
2023-06-27 16:19:48,,2023_06_27-16_46,2023_06_27-16_46-1,Buy,900,IFA1/IFA2/BN/NEMO,2023-06-27T18:00:00,2023-06-27T19:00:00,2023-06-27T16:15:00,80.0,122.93,117.0,120.81,900.0,3826.0,510.0,,316.0,74.0,,,2023,2023-06-27
2023-06-28 00:24:38,,2023_06_28-00_35,2023_06_28-00_35-1,Buy,800,BN/NEMO,2023-06-28T05:00:00,2023-06-28T06:00:00,2023-06-28T00:10:00,95.0,120.33,114.79,117.59,800.0,5434.0,,470.0,330.0,,,,2023,2023-06-28
2023-06-29 10:52:22,,2023_06_29-11_13,2023_06_29-11_13-1,Buy,400,IFA1/IFA2/EL/NEMO/BN,2023-06-29T15:00:00,2023-06-29T16:00:00,2023-06-29T10:45:00,70.0,93.68,91.52,92.83,400.0,5896.0,137.0,,,116.0,147.0,,2023,2023-06-29
2023-06-30 16:23:37,,2023_06_30-16_46,2023_06_30-16_46-1,Buy,300,IFA1/NEMO/BN,2023-06-30T19:00:00,2023-06-30T20:00:00,2023-06-30T16:20:00,80.0,88.0,85.8,86.83,300.0,2845.0,198.0,102.0,0.0,,,,2023,2023-06-30
2023-07-01 00:48:13,,2023_07_01-01_13,2023_07_01-01_13-1,Sell,1100,IFA1/IFA2/EL,2023-07-01T06:00:00,2023-07-01T07:00:00,2023-07-01T00:45:00,75.0,6.42,19.93,11.44,1100.0,4436.0,699.0,,,201.0,200.0,,2023,2023-07-01
2023-07-02 03:12:45,"Due to French electricity system conditions, NGESO is unable to trade on the interconnectors joining GB and France.",2023_07_02-03_22,2023_07_02-03_22-1,Sell,3200,IFA1/BN/NEMO/IFA2/EL,2023-07-02T09:00:00,2023-07-02T10:00:00,2023-07-02T03:00:00,5.0,-194.0,-37.92,-87.49,3174.0,9040.0,1200.0,,674.0,674.0,626.0,,2023,2023-07-02
2023-07-03 08:55:55,,2023_07_03-09_22,2023_07_03-09_22-1,Sell,900,IFA1/IFA2/NEMO/BN,2023-07-03T11:00:00,2023-07-03T12:00:00,2023-07-03T08:50:00,30.0,1.0,7.48,3.71,900.0,3946.0,277.0,205.0,263.0,155.0,,,2023,2023-07-03
2023-07-04 13:35:47,,2023_07_04-13_51,2023_07_04-13_51-1,Buy,400,IFA2/NEMO/BN,2023-07-04T15:00:00,2023-07-04T16:00:00,2023-07-04T13:25:00,75.0,135.08,111.77,122.91,400.0,545.0,,223.0,73.0,104.0,,,2023,2023-07-04
2023-07-05 12:49:35,,2023_07_05-13_20,2023_07_05-13_20-1,Buy,800,NEMO/BN,2023-07-05T17:00:00,2023-07-05T18:00:00,2023-07-05T12:45:00,70.0,108.36,93.97,99.4,800.0,3438.0,,500.0,300.0,,,,2023,2023-07-05
2023-07-06 12:54:44,,2023_07_06-13_21,2023_07_06-13_21-1,Buy,500,IFA1/IFA2/NEMO/BN,2023-07-06T15:00:00,2023-07-06T16:00:00,2023-07-06T12:50:00,70.0,94.9,91.51,93.69,500.0,3613.0,120.0,125.0,100.0,155.0,,,2023,2023-07-06
2023-07-07 00:46:12,,2023_07_07-01_09,2023_07_07-01_09-1,Buy,1700,IFA1/BN/NEMO/EL,2023-07-07T05:00:00,2023-07-07T06:00:00,2023-07-07T00:40:00,80.0,116.98,105.4,112.24,1700.0,7218.0,1422.0,198.0,80.0,,,,2023,2023-07-07
2023-07-09 14:43:41,,2023_07_09-15_02,2023_07_09-15_02-1,Buy,500,IFA1/IFA2/EL/BN/NEMO,2023-07-09T18:00:00,2023-07-09T19:00:00,2023-07-09T14:40:00,94.0,126.46,121.17,124.83,500.0,5317.0,10.0,244.0,120.0,,126.0,,2023,2023-07-09
2023-07-10 00:58:45,,2023_07_10-01_31,2023_07_10-01_31-1,Buy,500,IFA1/IFA2/BN/NEMO,2023-07-10T06:00:00,2023-07-10T07:00:00,2023-07-10T00:55:00,80.0,130.54,126.15,128.92,500.0,5503.0,301.0,25.0,75.0,99.0,,,2023,2023-07-10
2023-07-11 13:30:18,,2023_07_11-14_02,2023_07_11-14_02-1,Buy,700,IFA1/IFA2/BN/NEMO,2023-07-11T15:00:00,2023-07-11T16:00:00,2023-07-11T13:25:00,60.0,100.61,93.6,97.66,700.0,3763.0,332.0,147.0,25.0,196.0,,,2023,2023-07-11
2023-07-12 16:18:03,,2023_07_12-16_45,2023_07_12-16_45-1,Buy,500,IFA1/IFA2/BN/NEMO,2023-07-12T19:00:00,2023-07-12T20:00:00,2023-07-12T16:15:00,85.0,109.08,107.0,108.53,500.0,5312.0,238.0,65.0,,197.0,,,2023,2023-07-12
2023-07-13 13:02:46,,2023_07_13-13_20,2023_07_13-13_20-1,Buy,400,IFA1/IFA2/NEMO/BN,2023-07-13T16:00:00,2023-07-13T17:00:00,2023-07-13T13:00:00,70.0,72.91,65.95,69.54,400.0,3631.0,127.0,173.0,100.0,,,,2023,2023-07-13
2023-07-14 00:16:52,,2023_07_14-00_25,2023_07_14-00_25-1,Buy,300,IFA1/BN/NEMO/IFA2/EL,2023-07-14T05:00:00,2023-07-14T06:00:00,2023-07-14T00:10:00,66.0,88.0,84.0,86.0,300.0,3399.0,,,300.0,,,,2023,2023-07-14
2023-07-15 02:44:36,,2023_07_15-03_00,2023_07_15-03_00-1,Sell,800,IFA1/IFA2/BN/NEMO,2023-07-15T06:00:00,2023-07-15T07:00:00,2023-07-15T02:40:00,45.0,6.5,12.55,10.52,800.0,5183.0,425.0,25.0,320.0,30.0,,,2023,2023-07-15
2023-07-16 02:13:54,,2023_07_16-02_03,2023_07_16-02_03-1,Sell,2750,IFA1/BN/NEMO/IFA2,2023-07-16T06:00:00,2023-07-16T07:00:00,2023-07-16T02:05:00,15.0,-28.0,-9.18,-16.31,2750.0,7449.0,1970.0,77.0,,703.0,,,2023,2023-07-16
2023-07-17 19:23:32,,2023_07_17-19_48,2023_07_17-19_48-1,Buy,550,IFA1/BN/NEMO/IFA2/EL,2023-07-18T05:00:00,2023-07-18T06:00:00,2023-07-17T19:20:00,75.0,101.0,63.78,94.93,550.0,6692.0,90.0,260.0,200.0,,,,2023,2023-07-17
2023-07-18 08:42:40,,2023_07_18-09_10,2023_07_18-09_10-1,Buy,200,IFA1/IFA2/EL/BN/NEMO,2023-07-18T16:00:00,2023-07-18T17:00:00,2023-07-18T08:40:00,85.0,127.29,117.44,121.17,200.0,3777.0,99.0,,52.0,,49.0,,2023,2023-07-18
2023-07-19 11:03:49,"Due to French electricity system conditions, NGESO is unable to trade on the interconnectors joining GB and France.",2023_07_19-11_23,2023_07_19-11_23-1,Buy,300,IFA1/IFA2/EL/BN/NEMO,2023-07-19T15:00:00,2023-07-19T16:00:00,2023-07-19T11:00:00,55.0,84.14,79.61,82.35,300.0,5821.0,,201.0,99.0,,,,2023,2023-07-19
2023-07-20 09:02:49,,2023_07_20-09_29,2023_07_20-09_29-1,Buy,600,IFA1/IFA2/EL/BN/NEMO,2023-07-20T15:00:00,2023-07-20T16:00:00,2023-07-20T08:55:00,55.0,82.77,80.07,81.68,600.0,8334.0,244.0,50.0,7.0,50.0,249.0,,2023,2023-07-20
2023-07-21 16:57:55,,2023_07_21-17_16,2023_07_21-17_16-1,Buy,400,IFA1/IFA2/BN/NEMO,2023-07-21T19:00:00,2023-07-21T20:00:00,2023-07-21T16:55:00,75.0,93.19,90.1,92.21,400.0,3284.0,167.0,100.0,15.0,118.0,,,2023,2023-07-21
2023-07-22 10:22:06,,2023_07_22-10_21,2023_07_22-10_21-1,Sell,950,IFA1/NEMO,2023-07-22T12:00:00,2023-07-22T13:00:00,2023-07-22T10:10:00,90.0,-11.99,55.52,-6.84,950.0,4980.0,851.0,,99.0,,,,2023,2023-07-22
2023-07-23 00:29:03,"Due to French electricity system conditions, NGESO is unable to trade on the interconnectors joining GB and France.",2023_07_23-00_41,2023_07_23-00_41-1,Sell,2800,IFA1/IFA2/BN/NEMO/EL,2023-07-23T08:00:00,2023-07-23T09:00:00,2023-07-23T00:20:00,60.0,-39.0,-15.8,-27.15,2800.0,13720.0,148.0,1434.0,486.0,732.0,0.0,,2023,2023-07-23
2023-07-24 14:27:39,,2023_07_24-14_55,2023_07_24-14_55-1,Buy,300,IFA1/IFA2/BN/NEMO,2023-07-24T16:00:00,2023-07-24T17:00:00,2023-07-24T14:25:00,65.0,98.24,96.11,96.79,300.0,1394.0,10.0,118.0,162.0,10.0,,,2023,2023-07-24
2023-07-25 14:03:06,,2023_07_25-10_02,2023_07_25-10_02-1,Buy,400,IFA1/IFA2/NEMO,2023-07-25T13:00:00,2023-07-25T14:00:00,2023-07-25T09:45:00,50.0,75.3,72.68,74.41,400.0,1940.0,264.0,,4.0,132.0,,,2023,2023-07-25
2023-07-26 14:49:11,,2023_07_26-15_15,2023_07_26-15_15-1,Buy,1000,IFA1/IFA2/BN/NEMO,2023-07-26T17:00:00,2023-07-26T18:00:00,2023-07-26T14:45:00,90.0,100.68,97.18,99.06,1000.0,3001.0,306.0,198.0,496.0,,,,2023,2023-07-26
2023-07-27 19:03:45,,2023_07_27-19_31,2023_07_27-19_31-1,Buy,300,IFA1/IFA2/EL/BN/NEMO,2023-07-28T04:00:00,2023-07-28T05:00:00,2023-07-27T19:00:00,60.0,90.78,85.0,88.5,300.0,4282.0,124.0,98.0,,,78.0,,2023,2023-07-27
2023-07-28 14:28:25,,2023_07_28-14_55,2023_07_28-14_55-1,Buy,400,BN/NEMO,2023-07-28T16:00:00,2023-07-28T17:00:00,2023-07-28T14:25:00,65.0,97.05,92.0,94.28,400.0,2411.0,,174.0,226.0,,,,2023,2023-07-28
2023-07-29 10:14:11,,2023_07_29-10_29,2023_07_29-10_29-1,Sell,3200,IFA1/IFA2/BN/NEMO,2023-07-29T12:00:00,2023-07-29T13:00:00,2023-07-29T10:00:00,40.0,11.0,24.29,16.96,3200.0,8910.0,2316.0,,,884.0,,,2023,2023-07-29
2023-07-30 00:04:47,,2023_07_30-00_28,2023_07_30-00_28-1,Sell,2100,IFA1/IFA2/BN/NEMO/EL,2023-07-30T05:00:00,2023-07-30T06:00:00,2023-07-30T00:00:00,30.0,14.68,28.0,18.83,2100.0,5240.0,712.0,295.0,402.0,290.0,401.0,,2023,2023-07-30
2023-07-31 19:19:43,,2023_07_31-19_40,2023_07_31-19_40-1,Sell,500,IFA1/BN/NEMO/IFA2,2023-08-01T00:00:00,2023-08-01T01:00:00,2023-07-31T19:15:00,75.0,44.86,47.81,46.06,500.0,5441.0,,400.0,,100.0,,,2023,2023-07-31
2023-08-01 19:28:41,,2023_08_01-19_41,2023_08_01-19_41-1,Sell,200,IFA1/IFA2/BN/NEMO,2023-08-01T23:00:00,2023-08-02T00:00:00,2023-08-01T19:25:00,90.0,60.64,63.19,60.96,200.0,4832.0,,200.0,,,,,2023,2023-08-01
2023-08-02 19:28:36,,2023_08_02-19_39,2023_08_02-19_39-1,Sell,500,IFA1/IFA2/BN/NEMO,2023-08-02T21:00:00,2023-08-02T22:00:00,2023-08-02T19:15:00,70.0,56.61,58.08,57.38,500.0,3086.0,,249.0,251.0,,,,2023,2023-08-02
2023-08-03 12:04:26,,2023_08_03-12_29,2023_08_03-12_29-1,Buy,600,IFA1/IFA2/EL/BN/NEMO,2023-08-03T18:00:00,2023-08-03T19:00:00,2023-08-03T11:55:00,70.0,113.0,102.63,107.88,600.0,5605.0,50.0,212.0,229.0,60.0,49.0,,2023,2023-08-03
2023-08-04 13:31:13,,2023_08_04-13_33,2023_08_04-13_33-1,Buy,450,BN/NEMO,2023-08-04T16:00:00,2023-08-04T17:00:00,2023-08-04T13:10:00,85.0,108.65,81.8,96.06,450.0,922.0,,421.0,29.0,,,,2023,2023-08-04
2023-08-05 08:35:03,,2023_08_05-08_59,2023_08_05-08_59-1,Sell,250,NEMO/IFA1,2023-08-05T11:00:00,2023-08-05T12:00:00,2023-08-05T08:30:00,50.0,27.0,29.52,28.43,250.0,2863.0,250.0,,,,,,2023,2023-08-05
2023-08-06 09:47:54,,2023_08_06-10_00,2023_08_06-10_00-1,Sell,1500,IFA1/IFA2/BN/NEMO,2023-08-06T12:00:00,2023-08-06T13:00:00,2023-08-06T09:40:00,60.0,-9.19,-3.4,-7.03,1500.0,9547.0,501.0,550.0,374.0,75.0,,,2023,2023-08-06
2023-08-07 16:44:34,,2023_08_07-17_10,2023_08_07-17_10-1,Buy,600,IFA1/IFA2/BN/NEMO,2023-08-07T19:00:00,2023-08-07T20:00:00,2023-08-07T16:40:00,70.0,88.57,81.88,86.4,600.0,1338.0,149.0,267.0,134.0,50.0,,,2023,2023-08-07
2023-08-08 14:28:37,,2023_08_08-14_55,2023_08_08-14_55-1,Buy,500,IFA1/IFA2/NEMO,2023-08-08T17:00:00,2023-08-08T18:00:00,2023-08-08T14:25:00,70.0,118.08,104.56,111.04,485.0,485.0,206.0,,147.0,132.0,,,2023,2023-08-08
2023-08-10 14:29:41,,2023_08_10-14_56,2023_08_10-14_56-1,Buy,400,IFA1/IFA2/BN/NEMO,2023-08-10T17:00:00,2023-08-10T18:00:00,2023-08-10T14:25:00,75.0,117.62,112.07,115.37,400.0,3006.0,257.0,,50.0,93.0,,,2023,2023-08-10
2023-08-11 11:03:20,,2023_08_11-11_28,2023_08_11-11_28-1,Buy,300,IFA1/IFA2/BN/NEMO,2023-08-11T14:00:00,2023-08-11T15:00:00,2023-08-11T11:00:00,60.0,65.7,63.03,64.12,300.0,5250.0,101.0,125.0,74.0,,,,2023,2023-08-11
2023-08-12 09:28:15,,2023_08_12-09_46,2023_08_12-09_46-1,Sell,900,IFA2/BN/NEMO,2023-08-12T12:00:00,2023-08-12T13:00:00,2023-08-12T09:25:00,25.0,18.37,23.45,19.94,900.0,4992.0,,498.0,202.0,200.0,,,2023,2023-08-12
2023-08-13 01:44:19,,2023_08_13-02_11,2023_08_13-02_11-1,Sell,650,BN/NEMO,2023-08-13T07:00:00,2023-08-13T08:00:00,2023-08-13T01:40:00,70.0,-38.51,-19.3,-26.41,650.0,2645.0,,315.0,335.0,,,,2023,2023-08-13
2023-08-14 11:28:23,,2023_08_14-11_39,2023_08_14-11_39-1,Buy,200,IFA2/BN/NEMO/EL,2023-08-14T16:00:00,2023-08-14T17:00:00,2023-08-14T11:25:00,72.0,97.65,95.06,96.07,200.0,4460.0,,25.0,,151.0,24.0,,2023,2023-08-14
2023-08-15 10:20:18,,2023_08_15-10_46,2023_08_15-10_46-1,Sell,50,IFA2/NEMO,2023-08-15T12:00:00,2023-08-15T13:00:00,2023-08-15T10:15:00,90.0,68.0,70.28,68.76,50.0,758.0,,,,50.0,,,2023,2023-08-15
2023-08-17 13:23:19,,2023_08_17-13_42,2023_08_17-13_42-1,Buy,250,IFA1/BN/NEMO,2023-08-17T16:00:00,2023-08-17T17:00:00,2023-08-17T13:15:00,70.0,78.72,77.23,77.66,250.0,3079.0,250.0,,,,,,2023,2023-08-17
2023-08-18 14:45:39,,2023_08_18-14_54,2023_08_18-14_54-1,Buy,800,IFA1/IFA2/EL/NEMO,2023-08-18T18:00:00,2023-08-18T19:00:00,2023-08-18T14:35:00,84.0,120.0,116.46,118.78,800.0,9442.0,393.0,,,,407.0,,2023,2023-08-18
2023-08-19 00:26:14,,2023_08_19-00_39,2023_08_19-00_39-1,Buy,300,IFA1/IFA2/EL,2023-08-19T04:00:00,2023-08-19T05:00:00,2023-08-19T00:15:00,15.0,89.08,83.93,87.21,300.0,2260.0,54.0,,,96.0,150.0,,2023,2023-08-19
2023-08-20 09:58:34,"Due to French electricity system conditions, NGESO is unable to trade on the interconnectors joining GB and France. For more information, see this link to French margin graph: https://www.services-rte.com/en/view-data-published-by-rte/balancing-capacities.html#:~:text=RTE%20proposes%20on%20this%20web,best%20hypothesis%20at%20our%20disposal",2023_08_20-09_54,2023_08_20-09_54-1,Sell,2800,IFA1/BN/NEMO/IFA2,2023-08-20T12:00:00,2023-08-20T13:00:00,2023-08-20T09:30:00,75.0,-143.4,-10.0,-44.11,2800.0,8326.0,1702.0,234.0,566.0,298.0,,,2023,2023-08-20
2023-08-21 10:40:29,,2023_08_21-10_59,2023_08_21-10_59-1,Buy,550,IFA2/NEMO,2023-08-21T14:00:00,2023-08-21T15:00:00,2023-08-21T10:35:00,60.0,94.0,93.05,93.54,550.0,5802.0,,,150.0,400.0,,,2023,2023-08-21
2023-08-22 08:30:33,,2023_08_22-09_01,2023_08_22-09_01-1,Buy,800,IFA1/NEMO/IFA2,2023-08-22T10:00:00,2023-08-22T11:00:00,2023-08-22T08:25:00,50.0,153.34,136.15,145.7,800.0,4192.0,354.0,,224.0,222.0,,,2023,2023-08-22
2023-08-23 09:12:34,,2023_08_23-09_36,2023_08_23-09_36-1,Buy,500,BN/NEMO,2023-08-23T11:00:00,2023-08-23T12:00:00,2023-08-23T09:05:00,70.0,199.24,102.95,145.54,443.0,457.0,,,443.0,,,,2023,2023-08-23
2023-08-24 00:54:15,,2023_08_24-01_29,2023_08_24-01_29-1,Buy,200,IFA2/NEMO,2023-08-24T06:00:00,2023-08-24T07:00:00,2023-08-24T00:50:00,105.0,117.3,113.9,115.6,200.0,3578.0,,,200.0,,,,2023,2023-08-24
2023-08-25 13:29:53,,2023_08_25-13_41,2023_08_25-13_41-1,Buy,1200,IFA1/BN/NEMO/IFA2,2023-08-25T16:00:00,2023-08-25T17:00:00,2023-08-25T13:25:00,90.0,92.0,85.15,89.22,1200.0,6154.0,788.0,,,412.0,,,2023,2023-08-25
2023-08-26 09:50:18,,2023_08_26-10_17,2023_08_26-10_17-1,Sell,150,IFA1/IFA2/NEMO,2023-08-26T12:00:00,2023-08-26T13:00:00,2023-08-26T09:45:00,90.0,50.24,57.04,52.5,150.0,2914.0,75.0,,,75.0,,,2023,2023-08-26
2023-08-27 00:02:11,,2023_08_27-00_19,2023_08_27-00_19-1,Sell,600,IFA1/BN/NEMO/IFA2/EL,2023-08-27T06:00:00,2023-08-27T07:00:00,2023-08-26T23:55:00,105.0,61.37,66.31,64.2,600.0,6695.0,75.0,200.0,,100.0,225.0,,2023,2023-08-27
2023-08-28 00:12:59,,2023_08_28-00_23,2023_08_28-00_23-1,Buy,50,IFA1/IFA2/BN/NEMO/EL,2023-08-28T06:00:00,2023-08-28T07:00:00,2023-08-27T23:50:00,75.0,107.21,107.21,107.21,50.0,4578.0,50.0,,,,,,2023,2023-08-28
2023-08-29 00:02:27,,2023_08_29-00_33,2023_08_29-00_33-1,Buy,150,IFA1/NEMO/IFA2/EL,2023-08-29T09:00:00,2023-08-29T10:00:00,2023-08-28T23:55:00,75.0,89.0,82.58,85.17,150.0,2045.0,81.0,,,69.0,,,2023,2023-08-29
2023-08-30 17:03:38,,2023_08_30-17_36,2023_08_30-17_36-1,Buy,300,IFA1/NEMO/IFA2/EL,2023-08-31T00:00:00,2023-08-31T01:00:00,2023-08-30T17:00:00,60.0,83.66,81.35,83.29,300.0,3897.0,180.0,,,,120.0,,2023,2023-08-30
2023-08-31 13:01:25,,2023_08_31-13_22,2023_08_31-13_22-1,Buy,400,IFA1/BN/NEMO/IFA2,2023-08-31T15:00:00,2023-08-31T16:00:00,2023-08-31T12:55:00,70.0,91.11,87.61,89.95,400.0,1286.0,197.0,52.0,54.0,97.0,,,2023,2023-08-31
2023-09-01 13:11:03,,2023_09_01-13_31,2023_09_01-13_31-1,Buy,400,IFA1/BN/NEMO/IFA2,2023-09-01T15:00:00,2023-09-01T16:00:00,2023-09-01T13:05:00,70.0,86.37,82.76,84.81,400.0,3006.0,,138.0,262.0,,,,2023,2023-09-01
2023-09-02 14:37:42,,2023_09_02-15_00,2023_09_02-15_00-1,Buy,450,BN/NEMO/IFA2/EL,2023-09-02T18:00:00,2023-09-02T19:00:00,2023-09-02T14:35:00,85.0,114.54,105.25,110.17,450.0,3950.0,,,,150.0,300.0,,2023,2023-09-02
2023-09-03 10:04:04,,2023_09_03-10_27,2023_09_03-10_27-1,Sell,700,IFA1/BN/NEMO/IFA2,2023-09-03T12:00:00,2023-09-03T13:00:00,2023-09-03T10:00:00,65.0,-25.0,-17.11,-20.8,700.0,5898.0,300.0,125.0,80.0,195.0,,,2023,2023-09-03
2023-09-05 14:21:24,,2023_09_05-14_39,2023_09_05-14_39-1,Buy,300,IFA1/IFA2/EL,2023-09-05T18:00:00,2023-09-05T19:00:00,2023-09-05T14:15:00,90.0,120.58,119.62,120.08,300.0,4946.0,191.0,,,28.0,81.0,,2023,2023-09-05
2023-09-06 00:04:29,,2023_09_06-00_37,2023_09_06-00_37-1,Buy,850,IFA1/IFA2/EL/BN/NEMO,2023-09-06T11:00:00,2023-09-06T12:00:00,2023-09-06T00:00:00,60.0,77.78,67.37,75.07,850.0,5427.0,501.0,150.0,99.0,100.0,,,2023,2023-09-06
2023-09-07 13:04:26,,2023_09_07-13_25,2023_09_07-13_25-1,Buy,300,IFA1/BN/IFA2/NEMO,2023-09-07T15:00:00,2023-09-07T16:00:00,2023-09-07T13:00:00,75.0,83.62,83.35,83.46,300.0,1635.0,,102.0,100.0,98.0,,,2023,2023-09-07
2023-09-08 11:30:02,,2023_09_08-11_47,2023_09_08-11_47-1,Buy,400,IFA1/BN/IFA2/NEMO/EL,2023-09-08T15:00:00,2023-09-08T16:00:00,2023-09-08T11:20:00,75.0,99.0,93.69,98.26,400.0,6596.0,144.0,77.0,179.0,,,,2023,2023-09-08
2023-09-09 13:20:48,,2023_09_09-13_22,2023_09_09-13_22-1,Buy,600,IFA1/BN/IFA2/NEMO,2023-09-09T16:00:00,2023-09-09T17:00:00,2023-09-09T13:00:00,85.0,134.96,114.89,121.92,600.0,4375.0,237.0,,51.0,312.0,,,2023,2023-09-09
2023-09-10 11:14:43,,2023_09_10-11_23,2023_09_10-11_23-1,Buy,0,IFA1/BN/IFA2/NEMO/EL,2023-09-10T16:00:00,2023-09-10T17:00:00,2023-09-10T11:05:00,85.0,0.0,0.0,0.0,0.0,6516.0,,,,,,,2023,2023-09-10
2023-09-11 13:09:29,,2023_09_11-13_30,2023_09_11-13_30-1,Buy,300,BN/NEMO,2023-09-11T16:00:00,2023-09-11T17:00:00,2023-09-11T13:00:00,100.0,0.0,0.0,0.0,0.0,4083.0,,,,,,,2023,2023-09-11
2023-09-12 14:32:23,,2023_09_12-14_57,2023_09_12-14_57-1,Buy,500,IFA2/EL/NEMO,2023-09-12T18:00:00,2023-09-12T19:00:00,2023-09-12T14:30:00,90.0,116.31,108.5,113.15,500.0,5888.0,,,,180.0,320.0,,2023,2023-09-12
2023-09-13 13:25:52,,2023_09_13-13_23,2023_09_13-13_23-1,Buy,1950,IFA1/BN/NEMO/IFA2,2023-09-13T17:00:00,2023-09-13T18:00:00,2023-09-13T13:15:00,95.0,153.0,129.09,141.1,1950.0,8777.0,1056.0,,109.0,785.0,,,2023,2023-09-13
2023-09-14 01:31:16,"Due to French electricity system conditions, NGESO is unable to trade on the interconnectors joining GB and France. For more information, see this link to French margin graph: https://www.services-rte.com/en/view-data-published-by-rte/balancing-capacities.html#:~:text=RTE%20proposes%20on%20this%20web,best%20hypothesis%20at%20our%20disposal",2023_09_14-01_43,2023_09_14-01_43-1,Buy,800,IFA1/IFA2/BN/NEMO,2023-09-14T03:00:00,2023-09-14T04:00:00,2023-09-14T01:20:00,55.0,84.7,69.7,75.43,800.0,5040.0,450.0,63.0,237.0,50.0,,,2023,2023-09-14
2023-09-15 13:08:42,,2023_09_15-13_27,2023_09_15-13_27-1,Buy,300,BN/NEMO/IFA1/IFA2,2023-09-15T15:00:00,2023-09-15T16:00:00,2023-09-15T13:00:00,80.0,93.48,90.49,92.21,300.0,2898.0,93.0,157.0,25.0,25.0,,,2023,2023-09-15
2023-09-16 12:55:11,,2023_09_16-13_25,2023_09_16-13_25-1,Buy,350,BN/NEMO/IFA2/EL,2023-09-16T18:00:00,2023-09-16T19:00:00,2023-09-16T12:50:00,80.0,116.02,113.51,114.67,350.0,3683.0,,,,131.0,219.0,,2023,2023-09-16
2023-09-17 14:37:55,,2023_09_17-14_55,2023_09_17-14_55-1,Buy,300,BN/NEMO,2023-09-17T17:00:00,2023-09-17T18:00:00,2023-09-17T14:30:00,100.0,0.0,0.0,0.0,0.0,1065.0,,,,,,,2023,2023-09-17
2023-09-18 18:46:47,,2023_09_18-19_01,2023_09_18-19_01-1,Sell,800,IFA1/IFA2/NEMO,2023-09-18T21:00:00,2023-09-18T22:00:00,2023-09-18T18:40:00,70.0,27.0,39.68,29.68,800.0,1540.0,356.0,,143.0,301.0,,,2023,2023-09-18
2023-09-19 19:22:17,,2023_09_19-19_40,2023_09_19-19_40-1,Sell,500,IFA1/IFA2/NEMO,2023-09-19T23:00:00,2023-09-20T00:00:00,2023-09-19T19:15:00,10.0,1.99,5.71,4.02,500.0,3802.0,252.0,,97.0,151.0,,,2023,2023-09-19
2023-09-20 18:38:50,,2023_09_20-18_57,2023_09_20-18_57-1,Sell,2100,IFA1/IFA2/NEMO/EL,2023-09-20T22:00:00,2023-09-20T23:00:00,2023-09-20T18:35:00,60.0,30.88,52.12,37.57,2100.0,8363.0,927.0,,434.0,225.0,514.0,,2023,2023-09-20
2023-09-21 11:32:56,,2023_09_21-11_48,2023_09_21-11_48-1,Buy,400,NEMO,2023-09-21T15:00:00,2023-09-21T16:00:00,2023-09-21T11:20:00,70.0,0.0,0.0,0.0,0.0,1227.0,,,,,,,2023,2023-09-21
2023-09-22 12:53:29,,2023_09_22-12_56,2023_09_22-12_56-1,Buy,500,IFA1/IFA2/NEMO,2023-09-22T16:00:00,2023-09-22T17:00:00,2023-09-22T12:30:00,75.0,0.0,0.0,0.0,0.0,2874.0,,,,,,,2023,2023-09-22
2023-09-23 11:20:18,,2023_09_23-11_35,2023_09_23-11_35-1,Buy,1000,IFA1/BN/NEMO/IFA2/EL,2023-09-23T16:00:00,2023-09-23T17:00:00,2023-09-23T11:10:00,90.0,110.0,99.09,104.03,1000.0,8372.0,480.0,,,423.0,97.0,,2023,2023-09-23
2023-09-24 06:15:23,,2023_09_24-06_36,2023_09_24-06_36-1,Sell,450,NEMO/BN,2023-09-24T10:00:00,2023-09-24T11:00:00,2023-09-24T06:05:00,50.0,-24.88,-18.11,-22.73,450.0,4530.0,,,450.0,,,,2023,2023-09-24
2023-09-25 13:03:40,,2023_09_25-13_22,2023_09_25-13_22-1,Buy,500,IFA1/IFA2/BN,2023-09-25T15:00:00,2023-09-25T16:00:00,2023-09-25T13:00:00,75.0,85.68,78.12,83.17,500.0,3806.0,401.0,,,99.0,,,2023,2023-09-25
2023-09-26 22:54:43,,2023_09_26-22_54,2023_09_26-22_54-1,Buy,1500,IFA1/BN/IFA2/EL,2023-09-27T05:00:00,2023-09-27T06:00:00,2023-09-26T22:45:00,85.0,151.36,130.0,141.09,1500.0,4079.0,865.0,,,388.0,247.0,,2023,2023-09-26
2023-09-27 12:12:50,,2023_09_27-12_40,2023_09_27-12_40-1,Buy,350,IFA1/IFA2/BN,2023-09-27T14:00:00,2023-09-27T15:00:00,2023-09-27T12:05:00,60.0,93.87,92.24,93.1,350.0,3112.0,265.0,,,85.0,,,2023,2023-09-27
2023-09-28 07:35:17,,2023_09_28-07_37,2023_09_28-07_37-1,Buy,900,BN/EL,2023-09-28T16:00:00,2023-09-28T17:00:00,2023-09-28T07:15:00,80.0,146.83,134.5,141.54,900.0,9785.0,,,,,900.0,,2023,2023-09-28
2023-09-29 13:07:35,,2023_09_29-13_34,2023_09_29-13_34-1,Buy,400,IFA1/IFA2/BN,2023-09-29T16:00:00,2023-09-29T17:00:00,2023-09-29T13:05:00,75.0,96.29,93.96,95.49,400.0,3400.0,69.0,292.0,,39.0,,,2023,2023-09-29
2023-09-30 00:20:34,,2023_09_30-00_46,2023_09_30-00_46-1,Buy,800,IFA1/BN/IFA2/EL,2023-09-30T05:00:00,2023-09-30T06:00:00,2023-09-30T00:15:00,74.0,125.0,98.79,110.23,800.0,1841.0,207.0,,,342.0,251.0,,2023,2023-09-30
2023-10-01 00:06:26,,2023_10_01-00_21,2023_10_01-00_21-1,Sell,1400,IFA1/IFA2/EL/BN,2023-10-01T06:00:00,2023-10-01T07:00:00,2023-10-01T00:00:00,70.0,59.24,72.21,65.71,1400.0,4243.0,625.0,153.0,,269.0,353.0,,2023,2023-10-01
2023-10-02 10:55:58,,2023_10_02-11_23,2023_10_02-11_23-1,Buy,400,IFA1/BN/IFA2,2023-10-02T13:00:00,2023-10-02T14:00:00,2023-10-02T10:50:00,65.0,82.29,79.13,80.69,400.0,1143.0,99.0,171.0,,130.0,,,2023,2023-10-02
2023-10-03 09:32:32,,2023_10_03-09_49,2023_10_03-09_49-1,Sell,500,IFA1/BN/IFA2,2023-10-03T11:00:00,2023-10-03T12:00:00,2023-10-03T09:25:00,25.0,38.07,39.76,39.07,500.0,4706.0,500.0,,,,,,2023,2023-10-03
2023-10-04 09:27:56,,2023_10_04-09_53,2023_10_04-09_53-1,Buy,600,IFA1/IFA2/BN/EL,2023-10-04T15:00:00,2023-10-04T16:00:00,2023-10-04T09:25:00,55.0,82.44,80.27,81.53,600.0,10036.0,175.0,150.0,,28.0,247.0,,2023,2023-10-04
2023-10-05 12:58:44,,2023_10_05-13_18,2023_10_05-13_18-1,Buy,300,IFA1/IFA2/BN,2023-10-05T15:00:00,2023-10-05T16:00:00,2023-10-05T12:55:00,60.0,80.0,74.03,76.64,300.0,4549.0,,300.0,,,,,2023,2023-10-05
2023-10-06 10:18:22,,2023_10_06-10_51,2023_10_06-10_51-1,Sell,700,IFA1/IFA2/BN,2023-10-06T12:00:00,2023-10-06T13:00:00,2023-10-06T10:15:00,55.0,9.3,14.4,12.25,700.0,4304.0,630.0,,,70.0,,,2023,2023-10-06
2023-10-07 01:23:17,,2023_10_07-01_42,2023_10_07-01_42-1,Sell,700,IFA1/BN/NEMO/IFA2/EL,2023-10-07T10:00:00,2023-10-07T11:00:00,2023-10-07T01:15:00,55.0,5.07,6.63,5.76,700.0,7105.0,545.0,,80.0,,75.0,,2023,2023-10-07
2023-10-08 11:35:12,,2023_10_08-11_54,2023_10_08-11_54-1,Buy,500,IFA1/BN/NEMO/IFA2,2023-10-08T14:00:00,2023-10-08T15:00:00,2023-10-08T11:30:00,60.0,85.39,82.41,83.64,500.0,4621.0,50.0,400.0,,50.0,,,2023,2023-10-08
2023-10-09 11:15:23,"Due to French electricity system conditions, NGESO is unable to trade on the interconnectors joining GB and France. For more information, see this link to French margin graph: https://www.services-rte.com/en/view-data-published-by-rte/balancing-capacities.html#:~:text=RTE%20proposes%20on%20this%20web,best%20hypothesis%20at%20our%20disposal",2023_10_09-11_31,2023_10_09-11_31-1,Buy,650,BN/NEMO/IFA1/IFA2,2023-10-09T15:00:00,2023-10-09T16:00:00,2023-10-09T11:10:00,85.0,119.75,107.27,117.18,650.0,8357.0,,564.0,86.0,,,,2023,2023-10-09
2023-10-10 13:05:52,,2023_10_10-13_25,2023_10_10-13_25-1,Buy,200,IFA1/BN/NEMO,2023-10-10T15:00:00,2023-10-10T16:00:00,2023-10-10T13:00:00,100.0,93.9,88.59,89.91,200.0,2806.0,51.0,67.0,82.0,,,,2023,2023-10-10
2023-10-11 20:39:31,,2023_10_11-21_09,2023_10_11-21_09-1,Buy,1000,IFA1/BN/NEMO/IFA2/EL,2023-10-12T06:00:00,2023-10-12T07:00:00,2023-10-11T20:30:00,100.0,147.15,142.62,145.14,373.0,5263.0,,,,34.0,339.0,,2023,2023-10-11
2023-10-12 11:23:22,,2023_10_12-11_30,2023_10_12-11_30-1,Buy,700,IFA1/BN/NEMO/IFA2,2023-10-12T13:00:00,2023-10-12T14:00:00,2023-10-12T11:15:00,75.0,101.53,91.48,97.62,415.0,3563.0,145.0,,,270.0,,,2023,2023-10-12
2023-10-13 09:58:03,,2023_10_13-10_00,2023_10_13-10_00-1,Sell,300,IFA1/IFA2/NEMO,2023-10-13T12:00:00,2023-10-13T13:00:00,2023-10-13T09:45:00,121.0,28.04,32.3,30.04,300.0,5653.0,100.0,,100.0,100.0,,,2023,2023-10-13
2023-10-14 00:24:38,"Due to French electricity system conditions, NGESO is unable to trade on the interconnectors joining GB and France.",2023_10_14-00_50,2023_10_14-00_50-1,Sell,2000,IFA1/IFA2/BN/NEMO/EL,2023-10-14T06:00:00,2023-10-14T07:00:00,2023-10-14T00:20:00,55.0,0.5,27.0,8.37,2000.0,6126.0,,1325.0,275.0,300.0,100.0,,2023,2023-10-14
2023-10-15 21:52:45,,2023_10_15-22_21,2023_10_15-22_21-1,Buy,1000,IFA1/IFA2/BN/NEMO/EL,2023-10-16T05:00:00,2023-10-16T06:00:00,2023-10-15T21:45:00,110.0,152.26,144.37,148.08,1000.0,5129.0,354.0,,,223.0,423.0,,2023,2023-10-15
2023-10-16 12:05:42,,2023_10_16-12_30,2023_10_16-12_30-1,Buy,800,BN/NEMO,2023-10-16T15:00:00,2023-10-16T16:00:00,2023-10-16T12:00:00,120.0,174.61,161.28,169.98,800.0,4128.0,,750.0,50.0,,,,2023,2023-10-16
2023-10-17 14:33:12,,2023_10_17-14_58,2023_10_17-14_58-1,Buy,400,IFA1/IFA2/BN/NEMO,2023-10-17T17:00:00,2023-10-17T18:00:00,2023-10-17T14:30:00,105.0,119.86,117.18,118.31,400.0,1935.0,98.0,169.0,108.0,25.0,,,2023,2023-10-17
2023-10-18 20:59:32,,2023_10_18-21_23,2023_10_18-21_23-1,Sell,750,IFA1/IFA2/NEMO/BN,2023-10-19T00:00:00,2023-10-19T01:00:00,2023-10-18T20:55:00,20.0,-2.52,2.29,-0.02,750.0,2342.0,300.0,25.0,273.0,152.0,,,2023,2023-10-18
2023-10-19 10:55:32,,2023_10_19-11_23,2023_10_19-11_23-1,Buy,400,IFA2/BN/NEMO,2023-10-19T14:00:00,2023-10-19T15:00:00,2023-10-19T10:50:00,75.0,134.0,103.68,126.07,400.0,4064.0,,50.0,150.0,200.0,,,2023,2023-10-19
2023-10-20 20:24:15,,2023_10_20-20_36,2023_10_20-20_36-1,Sell,900,IFA1/BN/NEMO/IFA2,2023-10-20T22:00:00,2023-10-20T23:00:00,2023-10-20T20:20:00,70.0,24.71,44.27,32.76,900.0,5117.0,348.0,402.0,150.0,,,,2023,2023-10-20
2023-10-21 20:54:49,,2023_10_21-21_15,2023_10_21-21_15-1,Sell,500,IFA1/BN/NEMO/IFA2,2023-10-21T23:00:00,2023-10-22T00:00:00,2023-10-21T20:50:00,75.0,34.8,36.55,35.79,500.0,6238.0,500.0,,,,,,2023,2023-10-21
2023-10-22 22:13:34,,2023_10_22-22_39,2023_10_22-22_39-1,Buy,500,BN/NEMO/IFA2/EL,2023-10-23T06:00:00,2023-10-23T07:00:00,2023-10-22T22:10:00,112.0,0.0,0.0,0.0,0.0,4774.0,,,,,,,2023,2023-10-22
2023-10-23 13:25:39,,2023_10_23-13_52,2023_10_23-13_52-1,Buy,1000,IFA1/IFA2/NEMO/BN,2023-10-23T17:00:00,2023-10-23T18:00:00,2023-10-23T13:15:00,110.0,157.85,152.62,156.37,1000.0,4844.0,257.0,569.0,125.0,49.0,,,2023,2023-10-23
2023-10-24 00:38:58,,2023_10_24-01_03,2023_10_24-01_03-1,Buy,1000,IFA1/IFA2/BN/NEMO/EL,2023-10-24T06:00:00,2023-10-24T07:00:00,2023-10-24T00:35:00,100.0,132.06,125.12,129.17,1000.0,8292.0,216.0,50.0,100.0,191.0,443.0,,2023,2023-10-24
2023-10-25 01:05:39,,2023_10_25-01_27,2023_10_25-01_27-1,Buy,1000,BN,2023-10-25T04:00:00,2023-10-25T05:00:00,2023-10-25T01:00:00,80.0,170.71,98.13,125.92,824.0,922.0,,824.0,,,,,2023,2023-10-25
2023-10-26 01:08:44,,2023_10_26-01_39,2023_10_26-01_39-1,Buy,200,BN/IFA1/IFA2/NEMO,2023-10-26T06:00:00,2023-10-26T07:00:00,2023-10-26T01:05:00,100.0,130.0,129.99,129.99,200.0,3620.0,,,48.0,152.0,,,2023,2023-10-26
2023-10-27 02:36:02,,2023_10_27-03_00,2023_10_27-03_00-1,Buy,650,BN/NEMO,2023-10-27T06:00:00,2023-10-27T07:00:00,2023-10-27T02:30:00,100.0,138.89,135.16,137.41,650.0,3737.0,,380.0,270.0,,,,2023,2023-10-27
2023-10-28 21:39:56,"Due to French electricity system conditions, NGESO is unable to trade on the interconnectors joining GB and France.",2023_10_28-21_50,2023_10_28-21_50-1,Sell,600,IFA1/IFA2/BN/NEMO,2023-10-29T01:00:00,2023-10-29T02:00:00,2023-10-28T21:30:00,20.0,-10.44,-0.9,-6.67,600.0,3440.0,,451.0,149.0,,,,2023,2023-10-28
2023-10-29 20:19:17,,2023_10_29-19_33,2023_10_29-19_33-1,Sell,400,IFA1/IFA2/BN/NEMO,2023-10-30T02:00:00,2023-10-30T03:00:00,2023-10-29T20:15:00,40.0,5.99,7.42,7.03,400.0,5263.0,150.0,100.0,150.0,,,,2023,2023-10-29
2023-10-30 00:33:40,,2023_10_29-23_58,2023_10_29-23_58-1,Sell,1000,IFA1/IFA2/BN/NEMO,2023-10-30T02:00:00,2023-10-30T03:00:00,2023-10-30T00:30:00,40.0,1.44,8.87,5.01,600.0,4397.0,330.0,45.0,,225.0,,,2023,2023-10-30
2023-10-31 00:40:12,,2023_10_31-00_09,2023_10_31-00_09-1,Buy,500,BN/NEMO/IFA2/EL,2023-10-31T07:00:00,2023-10-31T08:00:00,2023-10-31T00:35:00,90.0,153.58,118.45,141.77,500.0,4538.0,,150.0,193.0,88.0,69.0,,2023,2023-10-31
2023-11-01 20:58:11,"Due to French electricity system conditions, NGESO is unable to trade on the interconnectors joining GB and France.",2023_11_01-20_33,2023_11_01-20_33-1,Sell,2000,IFA1/IFA2/BN/NEMO,2023-11-01T23:00:00,2023-11-02T00:00:00,2023-11-01T20:55:00,68.6,-25.03,39.0,-11.05,2000.0,8873.0,,848.0,1152.0,,,,2023,2023-11-01
2023-11-02 20:49:31,,2023_11_02-19_56,2023_11_02-19_56-1,Sell,1700,IFA1/BN/NEMO/IFA2,2023-11-02T23:00:00,2023-11-03T00:00:00,2023-11-02T20:35:00,50.0,-4.03,7.13,1.18,1700.0,7730.0,954.0,76.0,142.0,528.0,,,2023,2023-11-02
2023-11-03 00:24:43,,2023_11_02-23_56,2023_11_02-23_56-1,Buy,500,IFA1/BN/NEMO/IFA2/EL,2023-11-03T07:00:00,2023-11-03T08:00:00,2023-11-03T00:20:00,70.0,107.16,105.26,106.09,500.0,7633.0,350.0,,,,150.0,,2023,2023-11-03
2023-11-05 00:35:38,,2023_11_04-23_50,2023_11_04-23_50-1,Sell,700,BN/IFA1/IFA2/NEMO,2023-11-05T03:00:00,2023-11-05T04:00:00,2023-11-05T00:30:00,110.0,-0.84,2.68,0.83,700.0,3354.0,502.0,175.0,,23.0,,,2023,2023-11-05
2023-11-06 20:18:10,,2023_11_06-19_29,2023_11_06-19_29-1,Sell,500,IFA1/IFA2/BN/NEMO,2023-11-06T23:00:00,2023-11-07T00:00:00,2023-11-06T20:15:00,95.0,63.17,71.33,66.42,500.0,5441.0,300.0,40.0,,160.0,,,2023,2023-11-06
2023-11-07 13:57:12,,2023_11_07-13_25,2023_11_07-13_25-1,Buy,500,IFA1/IFA2/BN/NEMO,2023-11-07T17:00:00,2023-11-07T18:00:00,2023-11-07T13:50:00,155.0,132.73,128.0,130.44,500.0,2792.0,95.0,196.0,,209.0,,,2023,2023-11-07
2023-11-08 00:30:02,,2023_11_07-23_49,2023_11_07-23_49-1,Buy,500,IFA1/NEMO/EL,2023-11-08T05:00:00,2023-11-08T06:00:00,2023-11-08T00:20:00,50.0,81.58,79.24,80.57,500.0,4040.0,246.0,,25.0,,229.0,,2023,2023-11-08
2023-11-10 20:23:28,,2023_11_10-19_52,2023_11_10-19_52-1,Sell,200,IFA1/IFA2/BN/NEMO,2023-11-11T01:00:00,2023-11-11T02:00:00,2023-11-10T20:20:00,100.0,70.76,71.59,71.18,200.0,2893.0,,200.0,,,,,2023,2023-11-10
2023-11-12 12:12:59,,2023_11_12-11_37,2023_11_12-11_37-1,Buy,345,BN,2023-11-12T14:00:00,2023-11-12T15:00:00,2023-11-12T12:05:00,75.0,147.78,110.17,132.82,345.0,546.0,,345.0,,,,,2023,2023-11-12
2023-11-13 20:17:39,"Due to French electricity system conditions, NGESO is unable to trade on the interconnectors joining GB and France. For more information, see this link to French margin graph: https://www.services-rte.com/en/view-data-published-by-rte/balancing-capacities.html#:~:text=RTE%20proposes%20on%20this%20web,best%20hypothesis%20at%20our%20disposal",2023_11_13-19_27,2023_11_13-19_27-1,Sell,2000,IFA1/IFA2/BN/NEMO,2023-11-13T23:00:00,2023-11-14T00:00:00,2023-11-13T20:10:00,70.0,-9.05,15.69,2.86,2000.0,9130.0,500.0,485.0,1015.0,,,,2023,2023-11-13
2023-11-14 20:41:38,,2023_11_14-19_56,2023_11_14-19_56-1,Sell,1800,IFA1/IFA2/BN/NEMO,2023-11-14T23:00:00,2023-11-15T00:00:00,2023-11-14T20:35:00,95.0,57.9,68.11,61.82,1800.0,7583.0,377.0,736.0,410.0,277.0,,,2023,2023-11-14
2023-11-15 11:33:10,,2023_11_15-10_36,2023_11_15-10_36-1,Buy,750,IFA1/BN/NEMO/EL,2023-11-15T18:00:00,2023-11-15T19:00:00,2023-11-15T11:30:00,95.0,120.98,115.67,118.68,750.0,7316.0,50.0,250.0,155.0,,295.0,,2023,2023-11-15
2023-11-17 00:05:17,,2023_11_16-23_21,2023_11_16-23_21-1,Buy,1000,IFA1/BN/NEMO/EL,2023-11-17T06:00:00,2023-11-17T07:00:00,2023-11-17T00:00:00,80.0,125.17,122.0,124.49,1000.0,5637.0,92.0,350.0,150.0,,408.0,,2023,2023-11-17
2023-11-18 20:28:32,,2023_11_18-19_58,2023_11_18-19_58-1,Sell,700,IFA1/BN/NEMO,2023-11-18T22:00:00,2023-11-18T23:00:00,2023-11-18T20:25:00,50.0,32.56,43.31,36.9,700.0,3041.0,137.0,412.0,151.0,,,,2023,2023-11-18
2023-11-19 20:53:25,,2023_11_19-20_26,2023_11_19-20_26-1,Sell,300,IFA1/BN/NEMO,2023-11-19T23:00:00,2023-11-20T00:00:00,2023-11-19T20:50:00,90.0,63.55,64.75,64.18,300.0,3209.0,200.0,100.0,,,,,2023,2023-11-19
2023-11-21 11:39:31,,2023_11_21-11_00,2023_11_21-11_00-1,Buy,900,BN/NEMO/EL,2023-11-21T16:00:00,2023-11-21T17:00:00,2023-11-21T11:30:00,120.0,134.07,128.28,132.24,900.0,5254.0,,525.0,375.0,,,,2023,2023-11-21
2023-11-22 00:48:47,,2023_11_22-00_01,2023_11_22-00_01-1,Buy,600,IFA1/NEMO/EL,2023-11-22T05:00:00,2023-11-22T06:00:00,2023-11-22T00:40:00,80.0,103.48,96.94,100.28,600.0,4595.0,196.0,,,,404.0,,2023,2023-11-22
2023-11-23 01:08:44,,2023_11_23-00_27,2023_11_23-00_27-1,Buy,300,IFA1/EL/BN/NEMO,2023-11-23T06:00:00,2023-11-23T07:00:00,2023-11-23T01:00:00,70.0,104.71,101.44,103.62,300.0,3883.0,98.0,,,,202.0,,2023,2023-11-23
2023-11-24 23:48:19,,2023_11_24-23_04,2023_11_24-23_04-1,Sell,100,IFA1/BN/NEMO,2023-11-25T02:00:00,2023-11-25T03:00:00,2023-11-24T23:40:00,100.0,66.2,70.0,66.96,100.0,1885.0,50.0,50.0,,,,,2023,2023-11-24
2023-11-26 22:47:24,,2023_11_26-22_16,2023_11_26-22_16-1,Buy,800,IFA1/BN/NEMO/EL,2023-11-27T05:00:00,2023-11-27T06:00:00,2023-11-26T22:45:00,80.0,116.35,112.56,114.39,800.0,5200.0,125.0,475.0,150.0,,50.0,,2023,2023-11-26
2023-11-27 11:31:37,,2023_11_27-10_49,2023_11_27-10_49-1,Buy,500,IFA1/BN/NEMO,2023-11-27T15:00:00,2023-11-27T16:00:00,2023-11-27T11:20:00,90.0,109.2,106.45,107.45,500.0,5531.0,500.0,,,,,,2023,2023-11-27
2023-11-28 08:28:18,,2023_11_28-07_51,2023_11_28-07_51-1,Buy,1000,BN/NEMO,2023-11-28T10:00:00,2023-11-28T11:00:00,2023-11-28T08:25:00,100.0,199.33,165.45,184.6,543.0,861.0,,346.0,197.0,,,,2023,2023-11-28
2023-11-29 03:33:45,,2023_11_29-02_59,2023_11_29-02_59-1,Buy,1400,IFA1/BN/NEMO,2023-11-29T07:00:00,2023-11-29T08:00:00,2023-11-29T03:25:00,110.0,155.39,137.18,146.74,1400.0,8719.0,531.0,820.0,49.0,,,,2023,2023-11-29
2023-11-30 01:01:07,,2023_11_30-00_19,2023_11_30-00_19-1,Buy,775,IFA1/BN/NEMO/EL,2023-11-30T06:00:00,2023-11-30T07:00:00,2023-11-30T00:50:00,100.0,163.4,148.54,160.17,775.0,8476.0,477.0,198.0,100.0,,,,2023,2023-11-30
2023-12-01 02:40:44,,2023_12_01-01_56,2023_12_01-01_56-1,Buy,600,IFA1/BN,2023-12-01T05:00:00,2023-12-01T06:00:00,2023-12-01T02:30:00,125.0,110.41,106.24,108.59,600.0,4020.0,600.0,,,,,,2023,2023-12-01
2023-12-03 19:34:47,,2023_12_03-18_54,2023_12_03-18_54-1,Sell,200,IFA1/NEMO/EL,2023-12-03T23:00:00,2023-12-04T00:00:00,2023-12-03T19:30:00,105.0,82.4,83.3,83.14,200.0,2601.0,200.0,,,,,,2023,2023-12-03
2023-12-04 23:44:13,,2023_12_04-23_09,2023_12_04-23_09-1,Buy,200,IFA1/BN/NEMO/EL,2023-12-05T07:00:00,2023-12-05T08:00:00,2023-12-04T23:40:00,80.0,109.81,109.81,109.81,200.0,3713.0,200.0,,,,,,2023,2023-12-04
2023-12-05 09:36:53,,2023_12_05-09_06,2023_12_05-09_06-1,Buy,300,IFA1/NEMO/BN,2023-12-05T12:00:00,2023-12-05T13:00:00,2023-12-05T09:35:00,84.0,107.03,104.43,106.02,300.0,1565.0,221.0,30.0,49.0,,,,2023,2023-12-05
2023-12-06 00:17:36,,2023_12_05-23_38,2023_12_05-23_38-1,Buy,200,IFA1/BN/NEMO/EL,2023-12-06T06:00:00,2023-12-06T07:00:00,2023-12-06T00:10:00,90.0,118.68,114.77,116.64,200.0,5911.0,,200.0,,,,,2023,2023-12-06
2023-12-07 00:34:39,"Due to French electricity system conditions, NGESO is unable to trade on the interconnectors joining GB and France.",2023_12_06-23_42,2023_12_06-23_42-1,Buy,1000,IFA1/BN/NEMO/EL,2023-12-07T05:00:00,2023-12-07T06:00:00,2023-12-07T00:30:00,59.0,110.27,103.44,106.18,1000.0,9223.0,500.0,430.0,70.0,,,,2023,2023-12-07
2023-12-08 20:44:23,,2023_12_08-20_06,2023_12_08-20_06-1,Sell,500,IFA1/BN/NEMO,2023-12-08T23:00:00,2023-12-09T00:00:00,2023-12-08T20:35:00,100.0,70.2,71.63,70.9,500.0,5636.0,327.0,52.0,121.0,,,,2023,2023-12-08
2023-12-09 19:38:08,,2023_12_09-19_00,2023_12_09-19_00-1,Sell,1500,IFA1/NEMO/BN,2023-12-09T22:00:00,2023-12-09T23:00:00,2023-12-09T19:35:00,90.0,22.79,27.67,24.96,1500.0,4330.0,571.0,677.0,252.0,,,,2023,2023-12-09
2023-12-10 19:32:55,,2023_12_10-19_01,2023_12_10-19_01-1,Sell,1000,IFA1/BN/NEMO,2023-12-10T22:00:00,2023-12-10T23:00:00,2023-12-10T19:30:00,90.0,42.25,45.25,43.52,1000.0,4618.0,478.0,371.0,151.0,,,,2023,2023-12-10
2023-12-12 00:53:44,,2023_12_12-00_10,2023_12_12-00_10-1,Buy,700,IFA1/BN/NEMO/EL,2023-12-12T05:00:00,2023-12-12T06:00:00,2023-12-12T00:45:00,60.0,79.0,75.31,77.77,700.0,4806.0,550.0,,50.0,,100.0,,2023,2023-12-12
2023-12-14 01:15:40,,2023_12_14-00_27,2023_12_14-00_27-1,Buy,700,IFA1/BN/NEMO/EL,2023-12-14T07:00:00,2023-12-14T08:00:00,2023-12-14T01:05:00,75.0,94.61,86.0,91.68,700.0,10827.0,400.0,,,,300.0,,2023,2023-12-14
2023-12-15 12:17:16,,2023_12_15-11_42,2023_12_15-11_42-1,Buy,500,IFA1/NEMO,2023-12-15T14:00:00,2023-12-15T15:00:00,2023-12-15T12:15:00,56.0,81.25,78.41,80.04,500.0,2761.0,500.0,,,,,,2023,2023-12-15
2023-12-17 00:07:42,,2023_12_16-23_30,2023_12_16-23_30-1,Buy,600,IFA1/NEMO/BN/EL,2023-12-17T09:00:00,2023-12-17T10:00:00,2023-12-17T00:05:00,27.0,52.6,49.04,51.48,600.0,6465.0,204.0,371.0,25.0,,,,2023,2023-12-17
2023-12-18 01:03:28,,2023_12_18-00_23,2023_12_18-00_23-1,Buy,900,IFA1/NEMO/EL,2023-12-18T08:00:00,2023-12-18T09:00:00,2023-12-18T00:55:00,55.0,94.79,90.12,93.19,900.0,6050.0,465.0,,,,435.0,,2023,2023-12-18
2023-12-19 00:23:38,,2023_12_18-23_51,2023_12_18-23_51-1,Sell,900,IFA1/BN/NEMO,2023-12-19T03:00:00,2023-12-19T04:00:00,2023-12-19T00:20:00,70.0,35.43,39.66,37.09,900.0,3924.0,705.0,,195.0,,,,2023,2023-12-19
2023-12-20 15:41:43,,2023_12_20-14_56,2023_12_20-14_56-1,Buy,1450,IFA1/BN/NEMO,2023-12-20T18:00:00,2023-12-20T19:00:00,2023-12-20T15:30:00,60.0,173.97,67.29,93.2,1071.0,1071.0,247.0,573.0,251.0,,,,2023,2023-12-20
2023-12-21 00:34:32,,2023_12_21-00_01,2023_12_21-00_01-1,Sell,800,IFA1/BN/NEMO,2023-12-21T03:00:00,2023-12-21T04:00:00,2023-12-21T00:30:00,10.0,-1.2,2.1,0.75,800.0,3271.0,101.0,371.0,328.0,,,,2023,2023-12-21
2023-12-22 01:08:09,,2023_12_22-00_38,2023_12_22-00_38-1,Sell,950,IFA1/BN/NEMO,2023-12-22T03:00:00,2023-12-22T04:00:00,2023-12-22T01:05:00,5.0,-5.48,-0.87,-3.32,950.0,4861.0,155.0,604.0,191.0,,,,2023,2023-12-22
2023-12-23 00:32:45,,2023_12_22-23_45,2023_12_22-23_45-1,Sell,1850,IFA1/BN/NEMO,2023-12-23T02:00:00,2023-12-23T03:00:00,2023-12-23T00:25:00,10.0,-9.27,-1.69,-6.26,1850.0,4874.0,638.0,1012.0,200.0,,,,2023,2023-12-23
2023-12-24 19:44:04,,2023_12_24-19_09,2023_12_24-19_09-1,Sell,600,IFA1/BN/NEMO/EL,2023-12-24T23:00:00,2023-12-25T00:00:00,2023-12-24T19:40:00,10.0,-7.99,-3.0,-5.95,600.0,4593.0,499.0,,101.0,,,,2023,2023-12-24
2023-12-25 00:50:07,"Due to French electricity system conditions, NGESO is unable to trade on the interconnectors joining GB and France. For more information, see this link to French margin graph: https://www.services-rte.com/en/view-data-published-by-rte/balancing-capacities.html#:~:text=RTE%20proposes%20on%20this%20web,best%20hypothesis%20at%20our%20disposal",2023_12_25-00_05,2023_12_25-00_05-1,Sell,2400,IFA1/BN/NEMO/EL,2023-12-25T06:00:00,2023-12-25T07:00:00,2023-12-25T00:40:00,20.0,-21.92,-9.97,-16.6,2400.0,7971.0,348.0,649.0,1251.0,,152.0,,2023,2023-12-25
2023-12-26 01:27:48,,2023_12_26-00_54,2023_12_26-00_54-1,Sell,500,IFA1/BN/NEMO,2023-12-26T03:00:00,2023-12-26T04:00:00,2023-12-26T01:20:00,20.0,-15.07,-10.28,-12.86,500.0,1937.0,500.0,,,,,,2023,2023-12-26
2023-12-27 20:30:06,,2023_12_27-19_54,2023_12_27-19_54-1,Sell,2400,IFA1/BN/NEMO,2023-12-27T22:00:00,2023-12-27T23:00:00,2023-12-27T20:25:00,25.0,-11.84,-2.72,-7.77,2400.0,3469.0,1332.0,585.0,483.0,,,,2023,2023-12-27
2023-12-28 01:24:43,"Due to French electricity system conditions, NGESO is unable to trade on the interconnectors joining GB and France. For more information, see this link to French margin graph: https://www.services-rte.com/en/view-data-published-by-rte/balancing-capacities.html#:~:text=RTE%20proposes%20on%20this%20web,best%20hypothesis%20at%20our%20disposal",2023_12_28-00_34,2023_12_28-00_34-1,Sell,3150,IFA1/BN/NEMO/EL,2023-12-28T05:00:00,2023-12-28T06:00:00,2023-12-28T01:05:00,20.0,-49.0,-9.77,-25.2,3150.0,5401.0,992.0,925.0,725.0,,508.0,,2023,2023-12-28
2023-12-29 00:26:30,,2023_12_28-23_55,2023_12_28-23_55-1,Sell,900,IFA1/BN/NEMO/EL,2023-12-29T05:00:00,2023-12-29T06:00:00,2023-12-29T00:20:00,10.0,-5.08,0.44,-3.47,900.0,4316.0,205.0,352.0,142.0,,201.0,,2023,2023-12-29
2023-12-30 00:15:41,"Due to French electricity system conditions, NGESO is unable to trade on the interconnectors joining GB and France.",2023_12_29-23_32,2023_12_29-23_32-1,Sell,700,IFA1/BN/NEMO,2023-12-30T02:00:00,2023-12-30T03:00:00,2023-12-30T00:10:00,60.0,-16.25,-9.89,-13.82,700.0,5105.0,219.0,250.0,231.0,,,,2023,2023-12-30
2023-12-31 00:25:47,,2023_12_30-23_37,2023_12_30-23_37-1,Sell,4500,IFA1/BN/NEMO/VKL,2023-12-31T04:00:00,2023-12-31T05:00:00,2023-12-31T00:20:00,45.0,-31.22,1.16,-22.62,4500.0,8912.0,2973.0,955.0,372.0,,,,2023,2023-12-31
2024-01-01 00:24:11,,2023_12_31-23_33,2023_12_31-23_33-1,Sell,2950,IFA1/BN/NEMO/VKL,2024-01-01T04:00:00,2024-01-01T05:00:00,2024-01-01T00:15:00,10.0,-1.68,6.0,0.46,2950.0,7400.0,1518.0,728.0,404.0,,,300.0,2024,2024-01-01
2024-01-02 20:22:28,,2024_01_02-19_38,2024_01_02-19_38-1,Sell,300,IFA1/BN/NEMO,2024-01-02T22:00:00,2024-01-02T23:00:00,2024-01-02T20:20:00,70.0,11.43,17.0,14.65,300.0,4097.0,,300.0,,,,,2024,2024-01-02
2024-01-03 00:02:37,,2024_01_02-23_09,2024_01_02-23_09-1,Sell,600,IFA1/BN/NEMO/VKL,2024-01-03T02:00:00,2024-01-03T03:00:00,2024-01-02T23:40:00,65.0,27.1,32.31,29.74,600.0,6716.0,,352.0,,,,,2024,2024-01-03
2024-01-04 10:50:18,,2024_01_04-10_02,2024_01_04-10_02-1,Buy,600,BN/NEMO/VKL,2024-01-04T15:00:00,2024-01-04T16:00:00,2024-01-04T10:40:00,110.0,101.32,83.38,98.5,600.0,7633.0,,502.0,88.0,,,10.0,2024,2024-01-04
2024-01-08 14:10:17,,2024_01_08-13_25,2024_01_08-13_25-1,Buy,500,BN/NEMO/VKL/IFA1,2024-01-08T16:00:00,2024-01-08T17:00:00,2024-01-08T13:55:00,95.0,105.39,96.88,102.34,250.0,3650.0,,250.0,,,,,2024,2024-01-08
2024-01-09 12:26:34,,2024_01_09-11_42,2024_01_09-11_42-1,Buy,1550,BN/NEMO/VKL/EL/IFA1,2024-01-09T16:00:00,2024-01-09T17:00:00,2024-01-09T12:10:00,100.0,125.57,104.0,118.65,1550.0,10843.0,238.0,700.0,394.0,,18.0,200.0,2024,2024-01-09
2024-01-10 11:28:33,,2024_01_10-10_46,2024_01_10-10_46-1,Buy,0,IFA1/BN/NEMO/VKL,2024-01-10T13:00:00,2024-01-10T14:00:00,2024-01-10T11:15:00,80.0,0.0,0.0,0.0,0.0,4154.0,,,,,,,2024,2024-01-10
2024-01-11 00:26:31,,2024_01_10-23_50,2024_01_10-23_50-1,Buy,250,BN/NEMO,2024-01-11T05:00:00,2024-01-11T06:00:00,2024-01-11T00:20:00,60.0,95.45,92.04,94.76,250.0,3047.0,,250.0,,,,,2024,2024-01-11
2024-01-12 03:35:33,,2024_01_12-02_57,2024_01_12-02_57-1,Buy,1200,IFA1/BN/NEMO/VKL,2024-01-12T06:00:00,2024-01-12T07:00:00,2024-01-12T03:30:00,70.0,103.1,98.2,101.06,1200.0,7103.0,906.0,196.0,50.0,,,48.0,2024,2024-01-12
2024-01-13 14:20:41,,2024_01_13-13_47,2024_01_13-13_47-1,Buy,650,IFA1/BN/NEMO,2024-01-13T17:00:00,2024-01-13T18:00:00,2024-01-13T14:15:00,80.0,112.8,108.62,110.92,650.0,2736.0,52.0,99.0,499.0,,,,2024,2024-01-13
2024-01-15 03:28:35,,2024_01_15-02_57,2024_01_15-02_57-1,Buy,500,IFA1/BN/NEMO/VKL,2024-01-15T06:00:00,2024-01-15T07:00:00,2024-01-15T03:25:00,65.0,79.84,76.83,78.5,500.0,4520.0,93.0,147.0,,,,260.0,2024,2024-01-15
2024-01-16 01:07:18,,2024_01_16-00_10,2024_01_16-00_10-1,Buy,1150,IFA1/NEMO/EL,2024-01-16T05:00:00,2024-01-16T06:00:00,2024-01-16T01:00:00,55.0,93.76,89.9,91.94,1150.0,7463.0,550.0,,352.0,,248.0,,2024,2024-01-16
2024-01-17 11:24:47,,2024_01_17-10_55,2024_01_17-10_55-1,Buy,550,BN/NEMO/VKL,2024-01-17T13:00:00,2024-01-17T14:00:00,2024-01-17T11:20:00,75.0,101.48,99.76,100.38,250.0,3336.0,,,,,,250.0,2024,2024-01-17
2024-01-18 09:13:27,,2024_01_18-08_39,2024_01_18-08_39-1,Buy,1900,IFA1/BN/NEMO/VKL,2024-01-18T11:00:00,2024-01-18T12:00:00,2024-01-18T09:10:00,60.0,93.21,85.0,90.89,1900.0,6176.0,55.0,734.0,449.0,,,662.0,2024,2024-01-18
2024-01-19 09:10:02,,2024_01_19-08_40,2024_01_19-08_40-1,Buy,300,IFA1/BN/NEMO,2024-01-19T11:00:00,2024-01-19T12:00:00,2024-01-19T09:05:00,50.0,88.98,75.0,83.91,300.0,3561.0,200.0,100.0,,,,,2024,2024-01-19
2024-01-20 03:47:52,,2024_01_20-03_03,2024_01_20-03_03-1,Buy,725,IFA1,2024-01-20T07:00:00,2024-01-20T08:00:00,2024-01-20T03:40:00,70.0,85.11,80.83,82.81,725.0,3890.0,725.0,,,,,,2024,2024-01-20
2024-01-21 02:21:32,,2024_01_21-01_54,2024_01_21-01_54-1,Sell,800,IFA1/BN/NEMO/VKL,2024-01-21T07:00:00,2024-01-21T08:00:00,2024-01-21T02:15:00,30.0,43.19,45.77,44.32,800.0,6236.0,725.0,,75.0,,,,2024,2024-01-21
2024-01-22 00:07:37,,2024_01_21-23_37,2024_01_21-23_37-1,Sell,200,IFA1/EL,2024-01-22T08:00:00,2024-01-22T09:00:00,2024-01-22T00:05:00,84.0,68.66,69.11,68.72,200.0,2985.0,175.0,,,,25.0,,2024,2024-01-22
2024-01-23 00:16:32,,2024_01_22-23_37,2024_01_22-23_37-1,Sell,1500,IFA1/BN/NEMO/VKL,2024-01-23T03:00:00,2024-01-23T04:00:00,2024-01-23T00:10:00,50.0,7.55,11.0,8.8,1500.0,7886.0,701.0,100.0,286.0,,,413.0,2024,2024-01-23
2024-01-24 00:52:08,,2024_01_23-23_55,2024_01_23-23_55-1,Sell,3950,IFA1/BN/NEMO/VKL,2024-01-24T03:00:00,2024-01-24T04:00:00,2024-01-24T00:40:00,20.0,-9.68,2.0,-6.4,3950.0,8176.0,1464.0,1138.0,476.0,,,872.0,2024,2024-01-24
2024-01-25 00:53:58,,2024_01_25-00_18,2024_01_25-00_18-1,Buy,1000,IFA1/BN/NEMO/EL/VKL,2024-01-25T10:00:00,2024-01-25T11:00:00,2024-01-25T00:50:00,60.0,70.69,65.93,69.15,1000.0,7539.0,454.0,100.0,,,271.0,175.0,2024,2024-01-25
2024-01-26 00:07:31,,2024_01_25-23_36,2024_01_25-23_36-1,Sell,100,IFA1/EL,2024-01-26T08:00:00,2024-01-26T09:00:00,2024-01-26T00:05:00,91.0,65.71,65.71,65.71,100.0,1002.0,,,,,100.0,,2024,2024-01-26
2024-01-27 13:57:24,,2024_01_27-13_21,2024_01_27-13_21-1,Buy,1200,IFA1/BN/NEMO,2024-01-27T17:00:00,2024-01-27T18:00:00,2024-01-27T13:50:00,60.0,93.66,81.44,88.76,1200.0,3837.0,610.0,,590.0,,,,2024,2024-01-27
2024-01-28 00:13:02,,2024_01_27-23_32,2024_01_27-23_32-1,Buy,500,IFA1/BN/NEMO/VKL/EL,2024-01-28T08:00:00,2024-01-28T09:00:00,2024-01-28T00:10:00,37.0,42.99,40.98,41.83,500.0,5778.0,,350.0,100.0,,,50.0,2024,2024-01-28
2024-01-29 13:38:11,Auction Cancelled,2024_01_29-13_21,2024_01_29-13_21-1,Buy,1000,BN/NEMO/VKL,2024-01-29T16:00:00,2024-01-29T17:00:00,2024-01-29T13:55:00,80.0,,,,,,,,,,,,2024,2024-01-29
2024-01-30 16:16:50,,2024_01_30-15_42,2024_01_30-15_42-1,Buy,700,IFA1/BN/NEMO,2024-01-30T18:00:00,2024-01-30T19:00:00,2024-01-30T16:10:00,75.0,89.41,82.38,86.1,700.0,1223.0,202.0,498.0,,,,,2024,2024-01-30
2024-01-31 10:46:29,,2024_01_31-09_58,2024_01_31-09_58-1,Buy,800,IFA1/BN/NEMO,2024-01-31T15:00:00,2024-01-31T16:00:00,2024-01-31T10:30:00,47.0,70.14,67.94,69.38,800.0,11318.0,800.0,,,,,,2024,2024-01-31
2024-02-01 13:56:38,,2024_02_01-13_21,2024_02_01-13_21-1,Buy,500,IFA1/BN/NEMO,2024-02-01T18:00:00,2024-02-01T19:00:00,2024-02-01T13:45:00,72.0,84.58,80.98,83.29,500.0,3440.0,254.0,246.0,,,,,2024,2024-02-01
2024-02-02 11:19:15,,2024_02_02-10_30,2024_02_02-10_30-1,Buy,700,IFA1/BN/NEMO,2024-02-02T15:00:00,2024-02-02T16:00:00,2024-02-02T11:10:00,45.0,66.91,45.0,55.44,700.0,4776.0,332.0,319.0,49.0,,,,2024,2024-02-02
2024-02-03 22:49:05,,2024_02_03-22_15,2024_02_03-22_15-1,Sell,300,IFA1/BN/NEMO/VKL,2024-02-04T03:00:00,2024-02-04T04:00:00,2024-02-03T22:45:00,5.0,2.59,3.84,3.22,300.0,3133.0,300.0,,,,,,2024,2024-02-03
2024-02-04 00:54:25,,2024_02_04-00_07,2024_02_04-00_07-1,Sell,200,IFA1/BN/VKL/NEMO,2024-02-04T03:00:00,2024-02-04T04:00:00,2024-02-04T00:50:00,5.0,0.42,1.39,1.08,200.0,2687.0,200.0,,,,,,2024,2024-02-04
2024-02-05 00:05:14,,2024_02_04-23_32,2024_02_04-23_32-1,Sell,1500,IFA1/BN,2024-02-05T02:00:00,2024-02-05T03:00:00,2024-02-05T00:01:00,25.0,-6.75,2.09,-3.45,1500.0,3071.0,1091.0,409.0,,,,,2024,2024-02-05
2024-02-07 13:04:32,,2024_02_07-12_28,2024_02_07-12_28-1,Buy,1800,BN/NEMO,2024-02-07T16:00:00,2024-02-07T17:00:00,2024-02-07T12:55:00,70.0,110.45,104.0,108.46,1800.0,9445.0,,1800.0,,,,,2024,2024-02-07
2024-02-08 02:14:37,,2024_02_08-01_29,2024_02_08-01_29-1,Buy,600,NEMO/BN,2024-02-08T07:00:00,2024-02-08T08:00:00,2024-02-08T02:00:00,60.0,114.0,109.56,111.9,600.0,8015.0,,,600.0,,,,2024,2024-02-08
2024-02-09 01:04:17,,2024_02_09-00_34,2024_02_09-00_34-1,Buy,600,BN/NEMO/VKL,2024-02-09T06:00:00,2024-02-09T07:00:00,2024-02-09T01:00:00,42.0,71.98,63.76,67.48,600.0,2224.0,,,50.0,,,550.0,2024,2024-02-09
2024-02-12 13:50:05,"Due to French electricity system conditions, NGESO is unable to trade on the interconnectors joining GB and France.",2024_02_12-13_20,2024_02_12-13_20-1,Buy,1100,BN/NEMO/IFA1,2024-02-12T17:00:00,2024-02-12T18:00:00,2024-02-12T13:45:00,65.0,105.43,92.54,99.3,1100.0,4794.0,500.0,600.0,,,,,2024,2024-02-12
2024-02-14 20:06:07,,2024_02_14-19_28,2024_02_14-19_28-1,Sell,200,IFA1/NEMO,2024-02-14T23:00:00,2024-02-15T00:00:00,2024-02-14T20:00:00,70.0,47.34,49.0,48.35,200.0,3704.0,100.0,,100.0,,,,2024,2024-02-14
2024-02-15 20:15:02,,2024_02_15-19_40,2024_02_15-19_40-1,Sell,400,IFA1/BN/VKL,2024-02-16T01:00:00,2024-02-16T02:00:00,2024-02-15T20:10:00,70.0,39.91,41.92,41.04,400.0,4350.0,124.0,151.0,,,,125.0,2024,2024-02-15
2024-02-17 00:35:20,,2024_02_17-00_01,2024_02_17-00_01-1,Sell,600,IFA1/BN/NEMO/VKL,2024-02-17T03:00:00,2024-02-17T04:00:00,2024-02-17T00:30:00,70.0,43.07,45.46,44.28,600.0,4602.0,,425.0,175.0,,,,2024,2024-02-17
2024-02-18 22:18:57,"Due to French electricity system conditions, NGESO is unable to trade on the interconnectors joining GB and France. For more information, see this link to French margin graph: https://www.services-rte.com/en/view-data-published-by-rte/balancing-capacities.html#:~:text=RTE%20proposes%20on%20this%20web,best%20hypothesis%20at%20our%20disposal",2024_02_18-21_13,2024_02_18-21_13-1,Sell,2600,IFA1/BN/NEMO/VKL,2024-02-19T00:00:00,2024-02-19T01:00:00,2024-02-18T21:50:00,48.0,9.03,18.1,15.06,2600.0,8634.0,1000.0,631.0,521.0,,,448.0,2024,2024-02-18
2024-02-20 20:45:54,,2024_02_20-19_48,2024_02_20-19_48-1,Sell,1200,IFA1/BN/NEMO/VKL,2024-02-20T23:00:00,2024-02-21T00:00:00,2024-02-20T20:35:00,75.0,37.52,41.97,39.36,1200.0,8419.0,1150.0,,50.0,,,,2024,2024-02-20
2024-02-21 09:13:12,,2024_02_21-08_46,2024_02_21-08_46-1,Sell,250,IFA1,2024-02-21T11:00:00,2024-02-21T12:00:00,2024-02-21T09:10:00,60.0,37.61,41.5,38.79,250.0,2002.0,250.0,,,,,,2024,2024-02-21
2024-02-22 21:02:55,,2024_02_22-20_21,2024_02_22-20_21-1,Sell,500,IFA1/IFA2/BN/NEMO/VKL,2024-02-22T23:00:00,2024-02-23T00:00:00,2024-02-22T20:55:00,55.0,4.19,5.99,5.08,500.0,7999.0,500.0,,,,,,2024,2024-02-22
2024-02-26 14:17:43,,2024_02_19-20_03,2024_02_19-20_03-1,Sell,700,IFA1/BN/NEMO/VKL,2024-02-19T23:00:00,2024-02-20T00:00:00,2024-02-19T20:35:00,75.0,47.88,52.46,49.38,700.0,5610.0,441.0,259.0,,,,,2024,2024-02-26
2024-02-23 16:29:23,,2024_02_20-00_09,2024_02_20-00_09-1,Buy,1200,IFA1/BN/NEMO/EL,2024-02-20T06:00:00,2024-02-20T07:00:00,2024-02-20T00:40:00,43.0,81.14,77.85,79.82,1200.0,6821.0,647.0,90.0,215.0,,248.0,,2024,2024-02-23
2024-02-27 01:29:27,,2024_02_27-00_23,2024_02_27-00_23-1,Buy,1470,IFA1/IFA2/BN/NEMO/EL/VKL,2024-02-27T05:00:00,2024-02-27T06:00:00,2024-02-27T01:10:00,50.0,67.49,62.36,65.55,1470.0,8407.0,334.0,729.0,,98.0,309.0,,2024,2024-02-27
2024-02-28 00:58:11,,2024_02_28-00_16,2024_02_28-00_16-1,Buy,1650,IFA1/IFA2/EL/BN/NEMO/VKL,2024-02-28T05:00:00,2024-02-28T06:00:00,2024-02-28T00:45:00,50.0,0.0,0.0,0.0,0.0,7557.0,,,,,,,2024,2024-02-28
2024-03-01 00:36:56,,2024_02_29-23_42,2024_02_29-23_42-1,Sell,400,IFA1/BN/IFA2/VKL,2024-03-01T03:00:00,2024-03-01T04:00:00,2024-03-01T00:30:00,70.0,47.68,48.98,48.2,400.0,4738.0,,400.0,,,,,2024,2024-03-01
2024-03-02 00:23:23,,2024_03_01-23_54,2024_03_01-23_54-1,Sell,100,IFA1/EL,2024-03-02T07:00:00,2024-03-02T08:00:00,2024-03-02T00:20:00,75.0,55.06,55.63,55.22,100.0,1179.0,59.0,,,,41.0,,2024,2024-03-02
2024-03-04 01:39:23,,2024_03_04-00_43,2024_03_04-00_43-1,Buy,400,IFA1/BN/NEMO/IFA2/EL/VKL,2024-03-04T05:00:00,2024-03-04T06:00:00,2024-03-04T01:30:00,40.0,67.96,67.21,67.58,400.0,3417.0,,,200.0,,200.0,,2024,2024-03-04
2024-03-05 12:41:33,,2024_03_05-12_07,2024_03_05-12_07-1,Buy,600,IFA1/BN/NEMO/IFA2,2024-03-05T15:00:00,2024-03-05T16:00:00,2024-03-05T12:35:00,40.0,67.52,66.66,67.17,600.0,7033.0,580.0,,,20.0,,,2024,2024-03-05
2024-03-06 01:14:22,,2024_03_06-00_22,2024_03_06-00_22-1,Buy,620,IFA1/IFA2/EL/BN/NEMO/VKL,2024-03-06T05:00:00,2024-03-06T06:00:00,2024-03-06T01:00:00,65.0,78.38,76.53,77.72,620.0,9085.0,318.0,147.0,,7.0,98.0,50.0,2024,2024-03-06
2024-03-07 20:17:28,,2024_03_07-19_42,2024_03_07-19_42-1,Sell,600,IFA1/BN/NEMO/IFA2/VKL,2024-03-07T23:00:00,2024-03-08T00:00:00,2024-03-07T20:10:00,80.0,50.15,52.76,51.04,600.0,7505.0,286.0,101.0,75.0,40.0,,98.0,2024,2024-03-07
2024-03-08 01:23:19,,2024_03_08-00_54,2024_03_08-00_54-1,Sell,100,IFA1/EL,2024-03-08T08:00:00,2024-03-08T09:00:00,2024-03-08T01:20:00,95.0,51.26,51.26,51.26,100.0,1008.0,,,,,100.0,,2024,2024-03-08
2024-03-09 19:35:37,,2024_03_09-19_02,2024_03_09-19_02-1,Sell,400,IFA1/BN/NEMO/IFA2/EL/VKL,2024-03-10T03:00:00,2024-03-10T04:00:00,2024-03-09T19:30:00,50.0,27.51,28.06,27.81,400.0,5030.0,400.0,,,,,,2024,2024-03-09
2024-03-10 23:24:54,,2024_03_10-22_47,2024_03_10-22_47-1,Sell,600,IFA1/IFA2/NEMO/BN/VKL,2024-03-11T02:00:00,2024-03-11T03:00:00,2024-03-10T23:20:00,65.0,51.53,54.48,52.44,600.0,4951.0,274.0,313.0,,13.0,,,2024,2024-03-10
2024-03-12 09:26:12,,2024_03_12-08_54,2024_03_12-08_54-1,Buy,300,NEMO/BN/EL,2024-03-12T17:00:00,2024-03-12T18:00:00,2024-03-12T09:20:00,60.0,71.52,68.28,69.94,300.0,3340.0,,300.0,,,,,2024,2024-03-12
2024-03-13 03:32:39,,2024_03_13-02_57,2024_03_13-02_57-1,Buy,600,BN/IFA1/NEMO,2024-03-13T06:00:00,2024-03-13T07:00:00,2024-03-13T03:30:00,50.0,79.53,75.74,77.88,600.0,3560.0,,568.0,32.0,,,,2024,2024-03-13
2024-03-14 21:07:07,,2024_03_14-20_35,2024_03_14-20_35-1,Sell,1400,IFA1/IFA2/BN/NEMO/VKL,2024-03-14T23:00:00,2024-03-15T00:00:00,2024-03-14T21:05:00,60.0,30.08,35.25,32.43,1400.0,9107.0,8.0,872.0,200.0,,,320.0,2024,2024-03-14
2024-03-16 00:06:37,,2024_03_15-23_28,2024_03_15-23_28-1,Sell,1000,IFA1/BN/NEMO/IFA2/VKL,2024-03-16T02:00:00,2024-03-16T03:00:00,2024-03-16T00:00:00,75.0,31.5,32.84,32.13,1000.0,5915.0,,674.0,250.0,,,76.0,2024,2024-03-16
2024-03-17 21:22:37,,2024_03_17-20_48,2024_03_17-20_48-1,Sell,1000,IFA1/IFA2/BN/NEMO/VKL,2024-03-17T23:00:00,2024-03-18T00:00:00,2024-03-17T21:20:00,70.0,49.28,53.85,50.55,1000.0,8082.0,546.0,329.0,125.0,,,,2024,2024-03-17
2024-03-18 14:11:23,,2024_03_18-13_23,2024_03_18-13_23-1,Buy,850,BN/NEMO/VKL,2024-03-18T17:00:00,2024-03-18T18:00:00,2024-03-18T14:00:00,70.0,116.91,95.0,103.82,850.0,4690.0,,49.0,574.0,,,227.0,2024,2024-03-18
2024-03-19 10:31:52,,2024_03_18-23_46,2024_03_18-23_46-1,Buy,1900,IFA1/BN/NEMO/IFA2/EL/VKL,2024-03-19T06:00:00,2024-03-19T07:00:00,2024-03-19T00:20:00,60.0,103.0,93.7,99.35,1900.0,8541.0,217.0,129.0,225.0,330.0,323.0,676.0,2024,2024-03-19
2024-03-20 00:38:19,,2024_03_20-00_05,2024_03_20-00_05-1,Buy,600,BN/VKL/NEMO,2024-03-20T06:00:00,2024-03-20T07:00:00,2024-03-20T00:35:00,65.0,104.73,97.38,102.61,600.0,5161.0,,401.0,199.0,,,,2024,2024-03-20
2024-03-21 00:58:03,,2024_03_21-00_21,2024_03_21-00_21-1,Buy,500,BN/NEMO/VKL,2024-03-21T05:00:00,2024-03-21T06:00:00,2024-03-21T00:50:00,50.0,0.0,0.0,0.0,0.0,4089.0,,,,,,,2024,2024-03-21
2024-03-22 11:27:58,,2024_03_22-10_54,2024_03_22-10_54-1,Buy,800,BN,2024-03-22T13:00:00,2024-03-22T14:00:00,2024-03-22T11:20:00,38.0,98.99,62.9,78.69,586.0,761.0,,586.0,,,,,2024,2024-03-22
2024-03-23 00:37:03,,2024_03_23-00_02,2024_03_23-00_02-1,Sell,700,IFA1/IFA2,2024-03-23T03:00:00,2024-03-23T04:00:00,2024-03-23T00:35:00,10.0,-6.15,-3.86,-5.38,700.0,3247.0,400.0,,,300.0,,,2024,2024-03-23
2024-03-24 00:16:46,,2024_03_23-23_20,2024_03_23-23_20-1,Sell,3400,IFA1/IFA2/BN/NEMO/VKL/EL,2024-03-24T07:00:00,2024-03-24T08:00:00,2024-03-24T00:10:00,20.0,-20.92,-2.73,-17.31,3400.0,13525.0,610.0,900.0,900.0,400.0,426.0,164.0,2024,2024-03-24
2024-03-25 13:16:45,,2024_03_25-12_43,2024_03_25-12_43-1,Sell,300,IFA1/BN/NEMO,2024-03-25T15:00:00,2024-03-25T16:00:00,2024-03-25T13:15:00,75.0,34.12,46.38,39.3,300.0,5247.0,,300.0,,,,,2024,2024-03-25
2024-03-26 00:23:28,,2024_03_25-23_58,2024_03_25-23_58-1,Sell,400,IFA1/IFA2/BN/NEMO/VKL,2024-03-26T02:00:00,2024-03-26T03:00:00,2024-03-26T00:20:00,70.0,50.93,53.32,52.03,400.0,2862.0,,100.0,100.0,,,200.0,2024,2024-03-26
2024-03-27 00:40:22,,2024_03_27-00_06,2024_03_27-00_06-1,Sell,150,IFA1/EL/NEMO,2024-03-27T09:00:00,2024-03-27T10:00:00,2024-03-27T00:30:00,80.0,67.82,69.49,68.66,150.0,1965.0,,,150.0,,,,2024,2024-03-27
2024-03-28 01:38:46,,2024_03_28-01_10,2024_03_28-01_10-1,Sell,250,IFA1/NEMO/EL,2024-03-28T08:00:00,2024-03-28T09:00:00,2024-03-28T01:35:00,88.0,18.9,25.8,22.7,250.0,2951.0,,,250.0,,,,2024,2024-03-28
2024-03-29 00:32:30,,2024_03_29-00_04,2024_03_29-00_04-1,Sell,700,IFA2/IFA1/BN/NEMO/VKL,2024-03-29T03:00:00,2024-03-29T04:00:00,2024-03-29T00:30:00,65.0,10.79,12.79,11.16,700.0,6788.0,175.0,125.0,100.0,300.0,,,2024,2024-03-29
2024-03-30 01:03:19,,2024_03_30-00_34,2024_03_30-00_34-1,Sell,500,IFA2/BN/NEMO/EL/VKL,2024-03-30T05:00:00,2024-03-30T06:00:00,2024-03-30T01:00:00,70.0,52.12,53.87,52.59,500.0,3906.0,,500.0,,,,,2024,2024-03-30
2024-03-31 01:23:02,,2024_03_31-00_27,2024_03_31-00_27-1,Sell,2100,IFA1/BN/NEMO/IFA2/EL/VKL,2024-03-31T04:00:00,2024-03-31T05:00:00,2024-03-31T01:10:00,75.0,26.5,37.54,31.59,2100.0,6340.0,,1008.0,,,,1092.0,2024,2024-03-31
2024-04-01 08:21:44,,2024_04_01-08_49,2024_04_01-08_49-1,Sell,1300,IFA1/BN/NEMO/IFA2/VKL,2024-04-01T10:00:00,2024-04-01T11:00:00,2024-04-01T08:15:00,95.0,64.63,89.09,74.22,1300.0,6106.0,,515.0,785.0,,,,2024,2024-04-01
2024-04-02 12:44:41,,2024_04_02-13_07,2024_04_02-13_07-1,Sell,250,NEMO/IFA2,2024-04-02T15:00:00,2024-04-02T16:00:00,2024-04-02T12:40:00,75.0,1.05,2.66,1.37,250.0,1892.0,,,250.0,,,,2024,2024-04-02
2024-04-03 09:38:12,,2024_04_03-10_04,2024_04_03-10_04-1,Sell,100,IFA2/NEMO,2024-04-03T12:00:00,2024-04-03T13:00:00,2024-04-03T09:35:00,65.0,2.08,2.08,2.08,100.0,1281.0,,,,100.0,,,2024,2024-04-03
2024-04-04 08:23:45,,2024_04_04-08_57,2024_04_04-08_57-1,Sell,0,IFA1/IFA2/NEMO,2024-04-04T10:00:00,2024-04-04T11:00:00,2024-04-04T08:20:00,73.0,0.0,0.0,0.0,0.0,2201.0,,,,,,,2024,2024-04-04
2024-04-05 10:26:55,,2024_04_05-11_04,2024_04_05-11_04-1,Sell,600,IFA1/IFA2/NEMO/BN/VKL,2024-04-05T12:00:00,2024-04-05T13:00:00,2024-04-05T10:25:00,32.0,1.68,15.0,6.77,600.0,5005.0,,,200.0,,,400.0,2024,2024-04-05
2024-04-06 08:13:57,"Due to French electricity system conditions, NGESO is unable to trade on the interconnectors joining GB and France. For more information, see this link to French margin graph: https://www.services-rte.com/en/view-data-published-by-rte/balancing-capacities.html#:~:text=RTE%20proposes%20on%20this%20web,best%20hypothesis%20at%20our%20disposal",2024_04_06-08_46,2024_04_06-08_46-1,Sell,1500,IFA1/IFA2/NEMO/BN,2024-04-06T10:00:00,2024-04-06T11:00:00,2024-04-06T08:10:00,10.0,-77.71,-15.0,-41.75,1095.0,5976.0,475.0,100.0,495.0,25.0,,,2024,2024-04-06
2024-04-07 05:49:00,,2024_04_07-05_49,2024_04_07-05_49-1,Sell,400,BN/NEMO/VKL,2024-04-07T08:00:00,2024-04-07T09:00:00,2024-04-07T05:30:00,15.0,-26.19,-19.82,-22.68,400.0,1554.0,,,266.0,,,134.0,2024,2024-04-07
2024-04-08 19:54:17,,2024_04_08-20_15,2024_04_08-20_15-1,Sell,700,IFA1/BN/NEMO/IFA2/VKL,2024-04-08T22:00:00,2024-04-08T23:00:00,2024-04-08T19:50:00,85.0,51.57,60.01,54.73,700.0,6875.0,,425.0,200.0,,,75.0,2024,2024-04-08
2024-04-09 09:21:27,,2024_04_09-09_44,2024_04_09-09_44-1,Sell,600,IFA1/BN/NEMO,2024-04-09T12:00:00,2024-04-09T13:00:00,2024-04-09T09:15:00,31.0,0.84,4.17,2.02,600.0,3524.0,100.0,324.0,176.0,,,,2024,2024-04-09
2024-04-10 19:53:26,,2024_04_10-20_22,2024_04_10-20_22-1,Sell,200,IFA1/IFA2,2024-04-10T23:00:00,2024-04-11T00:00:00,2024-04-10T19:50:00,7.0,-2.33,-0.83,-1.21,200.0,813.0,99.0,,,101.0,,,2024,2024-04-10
2024-04-11 13:04:37,,2024_04_11-13_27,2024_04_11-13_27-1,Buy,750,BN/NEMO,2024-04-11T16:00:00,2024-04-11T17:00:00,2024-04-11T12:55:00,60.0,0.0,0.0,0.0,0.0,3132.0,,,,,,,2024,2024-04-11
2024-04-12 23:46:16,,2024_04_13-00_03,2024_04_13-00_03-1,Sell,350,IFA1/IFA2/EL,2024-04-13T04:00:00,2024-04-13T05:00:00,2024-04-12T23:40:00,30.0,15.38,16.58,16.13,350.0,2996.0,150.0,,,,200.0,,2024,2024-04-12
2024-04-13 09:53:13,,2024_04_13-10_16,2024_04_13-10_16-1,Sell,400,IFA1/BN/NEMO/IFA2,2024-04-13T12:00:00,2024-04-13T13:00:00,2024-04-13T09:45:00,5.0,-71.45,-63.77,-68.12,400.0,4558.0,301.0,,,99.0,,,2024,2024-04-13
2024-04-14 09:02:53,,2024_04_14-09_17,2024_04_14-09_17-1,Sell,1500,IFA1/BN/NEMO/IFA2,2024-04-14T11:00:00,2024-04-14T12:00:00,2024-04-14T09:00:00,25.0,-70.0,-48.13,-57.35,1500.0,6277.0,795.0,,,705.0,,,2024,2024-04-14
2024-04-15 13:14:22,,2024_04_15-13_38,2024_04_15-13_38-1,Buy,832,BN/VKL,2024-04-15T17:00:00,2024-04-15T18:00:00,2024-04-15T13:10:00,50.0,68.25,59.4,65.45,832.0,2165.0,,513.0,,,,319.0,2024,2024-04-15
2024-04-16 13:43:14,,2024_04_16-13_52,2024_04_16-13_52-1,Buy,800,BN,2024-04-16T16:00:00,2024-04-16T17:00:00,2024-04-16T13:20:00,40.0,0.0,0.0,0.0,0.0,1605.0,,,,,,,2024,2024-04-16
2024-04-17 01:28:19,,2024_04_17-01_25,2024_04_17-01_25-1,Buy,1200,IFA1/BN/NEMO/IFA2/VKL,2024-04-17T05:00:00,2024-04-17T06:00:00,2024-04-17T01:20:00,50.0,136.36,113.44,126.26,1200.0,7197.0,603.0,20.0,257.0,320.0,,,2024,2024-04-17
2024-04-18 01:43:25,,2024_04_18-01_53,2024_04_18-01_53-1,Buy,750,VKL,2024-04-18T05:00:00,2024-04-18T06:00:00,2024-04-18T01:40:00,70.0,120.22,116.73,119.04,750.0,1351.0,,,,,,750.0,2024,2024-04-18
2024-04-19 20:10:29,,2024_04_19-20_22,2024_04_19-20_22-1,Sell,1500,IFA1/IFA2/BN/NEMO/VKL,2024-04-19T22:00:00,2024-04-19T23:00:00,2024-04-19T20:05:00,80.0,31.68,46.0,38.59,1500.0,5281.0,,774.0,,,,726.0,2024,2024-04-19
2024-04-20 08:38:01,,2024_04_20-08_56,2024_04_20-08_56-1,Sell,1000,IFA1/IFA2/BN/NEMO/VKL,2024-04-20T10:00:00,2024-04-20T11:00:00,2024-04-20T08:30:00,85.0,-8.95,17.01,4.11,1000.0,6333.0,,976.0,24.0,,,,2024,2024-04-20
2024-04-21 08:29:22,,2024_04_21-08_55,2024_04_21-08_55-1,Sell,700,IFA1/IFA2/BN/NEMO,2024-04-21T10:00:00,2024-04-21T11:00:00,2024-04-21T08:25:00,83.0,-14.12,-12.53,-13.19,700.0,5031.0,576.0,,,124.0,,,2024,2024-04-21
2024-04-22 00:47:53,,2024_04_22-01_18,2024_04_22-01_18-1,Buy,400,IFA1/BN/NEMO/IFA2/EL/VKL,2024-04-22T05:00:00,2024-04-22T06:00:00,2024-04-22T00:45:00,79.0,118.75,118.75,118.75,400.0,4328.0,,,400.0,,,,2024,2024-04-22
2024-04-23 01:38:24,,2024_04_23-01_51,2024_04_23-01_51-1,Buy,1310,IFA1/BN/NEMO/IFA2/VKL,2024-04-23T04:00:00,2024-04-23T05:00:00,2024-04-23T01:35:00,60.0,84.28,79.87,82.49,1310.0,7759.0,759.0,,220.0,331.0,,,2024,2024-04-23
2024-04-24 00:51:48,,2024_04_24-01_19,2024_04_24-01_19-1,Buy,1300,IFA1/BN/NEMO/IFA2/EL,2024-04-24T06:00:00,2024-04-24T07:00:00,2024-04-24T00:50:00,75.0,105.82,98.0,104.01,1300.0,7106.0,125.0,497.0,479.0,199.0,,,2024,2024-04-24
